date;title;link;text
2023-01-07;Как хостить телеграм-бота (и другие скрипты на Python) на Repl.it бесплатно 24/7;https://habr.com/ru/post/709314/;Очень часто возникающий вопрос: где можно разместить скрипты на Python, Flask-приложение, телеграм или дискорд ботов?Один из вариантов — на своем компьютере при наличии внешнего IP-адреса и опыта в настройке проброса портов на роутере. Цель этот статьи - подробная инструкция, как сделать хостинг Python-скриптов бесплатно и доступным 24/7 на примере телеграм-бота
2022-08-07;How to use Schemathesis to test Flask API in GitHub Actions;https://notes.lina-is-here.com/2022/08/04/schemathesis-docker-compose.html;
2022-08-01;Мой путь во Flask. Часть первая;https://habr.com/ru/post/680180/?utm_campaign=680180&utm_source=habrahabr&utm_medium=rss;Путь джуна во Flask. Бортовой журнал
2022-07-15;Часть 2. Пишем сервис парсинга матчей Dota 2 на Celery и Flask;https://habr.com/ru/post/677200/?utm_campaign=677200&utm_source=habrahabr&utm_medium=rss;В предыдущей статье мы распарсили реплей одного матча по Dota 2 и нашли хайлайты с помощью кластеризации. В данной статье увеличим масштаб и напишем сервис для параллельного парсинга реплеев на Celery и Flask.
2022-06-06;Как работать с PyScript — фреймворком для фронтенда на Python;https://habr.com/ru/post/669814/?utm_campaign=669814&utm_source=habrahabr&utm_medium=rss;В веб-разработке Python используется в основном на бэкенде с такими фреймворками, как Django и Flask. А сегодня, к старту курса по Fullstack-разработке на Python, расскажем о PyScript, который даёт возможность запускать Python прямо в HTML.
2021-12-10;Окей, Джанго, у меня к тебе несколько вопросов;https://habr.com/ru/post/594601/?utm_campaign=594601&utm_source=habrahabr&utm_medium=rss;Недавно я проходил очередное интервью, и меня спросили, пишу ли я на flask, на что я ответил, что я себя люблю, и поэтому пишу на django. Меня не взяли, потому что, кхм, у них, оказывается, много чего было на фласке, и вышло неловко. Да-да, я знаю, фласк крут, потому что он простой, всё что надо ставишь сам, а чего не надо там и так нет, но как по мне, всё равно потом получается django.
2021-12-08;Почему наш стартап переехал с Flask на FastAPI;https://habr.com/ru/post/575958/?utm_campaign=575958&utm_source=habrahabr&utm_medium=rss;Как так оказалось, что стартап решил поменять стек? Это же затраты и все возникающие при этом сложности переезда. Но если хочешь получить короткий, эргономичный, хорошо читаемый код, приходится идти на жертвы. Но давайте по порядку.
2021-11-10;Денис Аникин. FastAPI как основной framework для python бекендов;https://www.youtube.com/watch?v=4zjj1aHJoko;FastAPI уже не первый год с нами. Последние пару лет фреймворк явно на подъеме: количество звезд на гитхабе уже больше чем 50% от мастодонтов рынка — django, flask. В ds среде и в каждом туториале flask, в каждой второй вакансии суперсовременные горизонтально масштабируемые сервисы на… django. Однако, про fastapi разговоров довольно немного и проникновение как в рынок, так и в публичное пространство у него не велико. И уж тем более, пока ещё про него не говорили с позиции продакшена (как минимум, на конференциях). Так сложилось, что в банке мы сделали на нем несколько десятков сервисов и уже больше года активно эксплуатируем как раз в том самом продакшене, а так же рекомендуем его внутри, как основной, практически всем. За это время мы успели полюбить этот фреймворк, но при этом нашли его «зоны роста». В своем докладе я постараюсь раскрыть три темы: сделаю краткий обзор на сам фреймворк поделюсь тем, чего ему не хватает для полноценной жизни в продакшене (с моей точки зрения) подсвечу довольно очевидные потенциальные проблемы. Ну и, конечно же, займусь неймдроппингом: FastAPI!
2021-08-24;Принимаем на работу брокера для Celery: подбор, аджаст и выкатка;https://habr.com/ru/post/551432/?utm_campaign=551432&utm_source=habrahabr&utm_medium=rss;У Яндекса много самописных сервисов для внутренних задач: Яндекс.Формы, Яндекс.Диск, трекер, календарь. Со временем их решили использовать не только внутри компании, но и за ее пределами. Так появилась платформа Яндекс.Коннект.Большинство сервисов Коннекта построено на Python V3. В качестве web-фреймворка используется Django, реже Flask и Tornado, а новые чаще пишутся на FastAPI. Сервисы, как и базы PostgreSQL, MySQL и MongoDB, живут в облаке. В качестве очереди сообщений почти везде используется Celery с MongoDB в качестве брокера. Он и стал проблемой.
2021-07-07;Moscow Python Podcast. Переход с Flask на FastAPI (level: all);https://www.youtube.com/watch?v=7Xk1ysONIm8;В гостях у Moscow Python Podcast CTO и со-основатель компании Datafold Александр Морозов. Обсудили с Александром причины перехода его стартапа с Flask на FastAPI.
2021-06-16;Получаем и отвечаем на SMS с Flask и Plivo;https://hashnode.com/post/how-to-receive-and-respond-to-incoming-sms-messages-in-python-with-flask-and-plivo-ckpzeazc400wm6rs1asqs0488;
2021-05-27;Python Bytes: #235 Flask 2.0 Articles and Reactions;https://pythonbytes.fm/episodes/show/235/flask-2.0-articles-and-reactions;
2021-05-14;Talk Python to Me: #316 Flask 2.0;https://talkpython.fm/episodes/show/316/flask-2.0;Audio
2021-05-13;Оно живое! Вышла версия Flask 2.0;https://habr.com/ru/post/557250/?utm_campaign=557250&utm_source=habrahabr&utm_medium=rss;Незаметно от всех 12 мая 2021 вышла новая версия известного микрофреймворка Flask. Хотя казалось, что во Flask есть уже все, ну или почти все, что нужно для микрофреймворка. Предвкушая интерес, а что же нового завезли, оставлю ссылку на Change log.
2021-05-05;Как получить доступ из одного докер-контейнера в другой докер-контейнер;https://habr.com/ru/post/554190/?utm_campaign=554190&utm_source=habrahabr&utm_medium=rss;Цель этой статьи — показать как мы можем сконфигурировать два и более контейнера, чтобы они могли взаимодействовать друг с другом. В этой статье мы сделаем следующее:Создадим образ Docker используя простой веб-сервис с использованием Python и Flask.Запустим два отдельных контейнераСоздадим сеть в DockerОбъединим контейнеры используя созданную сеть
2021-04-19;Deploying a Python Flask Example Application Using Heroku;https://realpython.com/flask-by-example-part-1-project-setup/;
2021-03-05;Как прикрутить нейросеть к сайту по быстрому;https://habr.com/ru/post/545660/?utm_campaign=545660&utm_source=habrahabr&utm_medium=rss;В данном материале предлагается, приложив небольшие усилия, соединить python 3.7+flask+tensorflow 2.0+keras+небольшие вкрапления js и вывести на web-страницу определенный интерактив. Пользователь, рисуя на холсте, будет отправлять на распознавание цифры, а ранее обученная модель, использующая архитектуру CNN, будет распознавать полученный рисунок и выводить результат. Модель обучена на известном наборе рукописных цифр MNIST, поэтому и распознавать будет только цифры от 0 до 9 включительно. В качестве системы, на которой все это будет крутиться, используется windows 7.
2021-02-24;Running Flask on Docker Swarm;https://testdriven.io/blog/running-flask-on-docker-swarm/;
2021-02-15;Автоматическая документация для Flask с использованием OpenAPI;https://habr.com/ru/post/542204/?utm_campaign=542204&utm_source=habrahabr&utm_medium=rss;Техническая документация, как известно, крайне важная часть любого проекта. До недавнего времени мы прекрасно жили с таким генератором документаций как Sphinx. Но наступил момент переходить на технологии с бОльшим набором возможностей, поэтому мы приняли решение переписать нашу документацию на более современный стандарт: OpenAPI Specification. Эта статья является скромным гайдом по такому переезду. Она будет интересна Python-разработчикам, особенно тем, которые используют Flask. После ее прочтения вы узнаете, как создать статическую OpenAPI документацию для Flask приложения и развернуть ее в GitLab Pages.
2021-02-12;Краткая история о том, как развернуть веб-сервер Flask в docker контейнере;https://habr.com/ru/post/541826/?utm_campaign=541826&utm_source=habrahabr&utm_medium=rss;Для чего вообще нужен docker контейнер? Обычно, во время разработки, для каждого проекта вы настраиваете своё окружение. Но вот произошла такая ситуация: что-то случилось с вашим компьютером и приходится переустанавливать операционную систему(ОС). Соответственно, чтобы запустить ваш проект, необходимо настраивать окружение заново. Бывает ещё гигантское количество ситуаций, которые сводятся к одной проблеме - настройка окружения для разработки.
2021-02-09;11 друзей Sanic’а – собираем асинхронное веб-приложение на Python;https://habr.com/ru/post/531254/?utm_campaign=531254&utm_source=habrahabr&utm_medium=rss;Рано или поздно маленькие приложения разрастаются до нагруженных production-решений, поэтому программисту необходимо заранее продумать стек технологий. Для Python концептуальный выбор стоит между синхронными и асинхронными фреймворками. После появления библиотеки asyncio популярность асинхронных Python-фреймворков сильно выросла, потеснив таких монстров, как Django и Flask, и стало намного проще писать веб-приложения, способные пережить высокий RPS.
2021-01-26;Integrating MongoDB with Flask Using Flask-PyMongo;https://stackabuse.com/integrating-mongodb-with-flask-using-flask-pymongo/;
2021-01-23;Как сделать Data Science приложение для Windows (и не только) с графическим интерфейсом с помощью PySimpleGUI;https://habr.com/ru/post/538324/?utm_campaign=538324&utm_source=habrahabr&utm_medium=rss;Работать с Data Science в Jupyter, конечно, очень приятно, но если вы хотите пойти дальше и развернуть свой проект или модель на облачном сервере, то здесь есть много отличных решений — с помощью Flask, Django или Streamlit. Хотя облачные решения по-прежнему самые популярные, часто хочется создать быстрое приложение с графическим интерфейсом.
2020-12-24;Python Bytes: #213 Uh oh, Vulcans have infiltrated Flask;https://pythonbytes.fm/episodes/show/213/uh-oh-vulcans-have-infiltrated-flask;Podcast
2020-12-23;Ещё раз о производительности фреймворков Python для веб разработки;https://habr.com/ru/post/534532/?utm_campaign=534532&utm_source=habrahabr&utm_medium=rss;Недавно мне пришлось начинать проект нового веб сервиса, и я решил протестировать максимальную нагрузочную способность Django, а заодно сравнить её с Flask’ом и AIOHTTP. Результат показался мне неожиданным, поэтому я «просто оставлю» его тут.  На диаграммах ниже приведены результаты простейшего Apache Benchmark’a для фреймворков Django версии 3.1, Flask 1.1 и AIOHTTP 3.7. AIOHTTP работает в «штатном» однопоточном асинхронном режиме, Django и Flask обслуживаются синхронным WSGI сервером Gunicorn с числом потоков, равным числу доступных ядер процессора * 2. ASGI в тесте не участвовал.
2020-12-21;Как прогнозировать результаты спортивных матчей с помощью проекта ML на Python Pandas, Keras, Flask, Docker и Heroku;https://habr.com/ru/post/534078/?utm_campaign=534078&utm_source=habrahabr&utm_medium=rss;Во время Чемпионата мира по регби в 2019 году я сделал небольшой научный проект Data Science, чтобы попытаться спрогнозировать результаты матчей, написав о нем здесь. Я развил проект до примера от начала до конца, чтобы продемонстрировать, как развернуть модель машинного обучения в виде интерактивного веб-приложения.
2020-11-26;REST API Crash Course - Introduction + Full Python API Tutorial;https://youtu.be/qbLc5a9jdXo;Описание REST API на примере. В примере используются Python, flask, SQLAlchemy и SQLite.
2020-11-23;Как сделать ваш код на Python быстрым и асинхронным с Sanic;https://habr.com/ru/post/529420/?utm_campaign=529420&utm_source=habrahabr&utm_medium=rss;Sanic– это очень похожий на Flask открытый веб-сервер и веб-фреймворк на Python с более чем 10К звездами, который быстро развивается. Он позволяет использовать синтаксис async/await, который был добавлен в Python 3.5, помогая делать ваш код неблокирующим и быстрым.
2020-11-20;Flask Form Validation with Flask-WTF;https://stackabuse.com/flask-form-validation-with-flask-wtf/;
2020-11-03;Развертывание интерактивных визуализаций данных в реальном времени на Flask и Bokeh;https://habr.com/ru/post/526076/?utm_campaign=526076&utm_source=habrahabr&utm_medium=rss;Python имеет фантастическую поддержку полезных инструментов анализа: NumPy, SciPy, pandas, Dask, Scikit-Learn, OpenCV и многих других. Из библиотек визуализации данных для Python Bokeh преобладает как самая функциональная и мощная. Эта библиотека поддерживает несколько интерфейсов, охватывающих многие распространенные варианты применения.
2020-10-17;The Digital Cat: Flask project setup: TDD, Docker, Postgres and more - Part 2;https://www.thedigitalcatonline.com/blog/2020/07/06/flask-project-setup-tdd-docker-postgres-and-more-part-2/;
2020-10-17;The Digital Cat: Flask project setup: TDD, Docker, Postgres and more - Part 3;https://www.thedigitalcatonline.com/blog/2020/07/07/flask-project-setup-tdd-docker-postgres-and-more-part-3/;
2020-09-08;Мониторинг микросервисов Flask с помощью Prometheus;https://habr.com/ru/post/518122/?utm_campaign=518122&utm_source=habrahabr&utm_medium=rss;Для того что бы понять как работает prometheus_flask_exporter достаточно минимального примера:
2020-08-07;Используем H2 (java db) в Python и Flask;https://stackabuse.com/integrating-h2-with-python-and-flask/;
2020-08-05;Отвечаем на SMS из Flask;https://www.fullstackpython.com/blog/respond-sms-text-messages-python-flask.html;
2020-07-21;Flask dependency injection tutorial — Dependency Injector;http://python-dependency-injector.ets-labs.org/tutorials/flask.html;Пошаговая инструкция по построению Flask приложения следуя принципу dependency injection.
2020-07-17;The Real Python Podcast – Episode #18: Ten Years of Flask: Conversation With Creator Armin Ronacher;https://realpython.com/podcasts/rpp/18/;
2020-07-17;Flask Dashboard - AdminLTE;https://www.codementor.io/chirilovadrian360/flask-dashboard-adminlte-18fsrgcmjh;
2020-07-07;Flask project setup: TDD, Docker, Postgres and more - Part 3;https://www.thedigitalcatonline.com/blog/2020/07/07/flask-project-setup-tdd-docker-postgres-and-more-part-3/;
2020-07-06;Flask project setup: TDD, Docker, Postgres and more - Part 2;https://www.thedigitalcatonline.com/blog/2020/07/06/flask-project-setup-tdd-docker-postgres-and-more-part-2/;
2020-07-02;Настраиваем Sentry и Flask для ловли ошибок;https://www.fullstackpython.com/blog/report-errors-flask-web-apps-sentry.html;
2020-06-16;Настройка CI/CD в Plesk+Github Actions для проекта на Flask+Angular;https://habr.com/ru/post/506802/?utm_campaign=506802&utm_source=habrahabr&utm_medium=rss;В этой статье я поделюсь своим опытом настройки CI/CD с использованием панели управления Plesk и Github Actions. Сегодня будем учиться деплоить простенький проект с незамысловатым названием «Helloworld». Он написан на Python-фреймворке Flask, с воркерами на Celery и фронтендом на Angular 8.
2020-05-12;Talk Python to Me: #264 10 tips every Flask developer should know;https://talkpython.fm/episodes/show/264/10-tips-every-flask-developer-should-know;Audio
2020-05-06;Работа с базой данных во Flask: от джуна джуну;https://habr.com/ru/post/500688/?utm_campaign=500688&utm_source=habrahabr&utm_medium=rss;Написать данную статью меня побудило желание помочь таким же новичкам в Python в целом и в работе с Flask в частности, как я сам. Во время работы над задачей целостного и понятного объяснения в том стиле, как любим мы, новички, не нашел. Приходилось информацию искать по крупицам. Каких-то картинок не будет. Сугубо техническая статья. Опытным людям буду благодарен за комментарии и за подсказки по улучшению кода.
2020-04-20;Distill: Why do we need Flask, Celery, and Redis? (with McDonalds in Between);https://ljvmiranda921.github.io/notebook/2019/11/08/flask-redis-celery-mcdo/;История в картинках
2020-03-31;Простой Telegram-бот на Flask с информированием о погоде;https://habr.com/ru/post/495036/?utm_campaign=495036&utm_source=habrahabr&utm_medium=rss;В этой статье я расскажу как сделать простейшего телеграмм бота на Python для отправки текущей погоды в Москве. 
2020-03-29;Как задеплоить проект на Flask + React;https://blog.miguelgrinberg.com/post/how-to-deploy-a-react--flask-project;
2020-03-11;Flask-DJ: Django (mvc) структура для проекта на flask;https://habr.com/ru/post/491852/?utm_campaign=491852&utm_source=habrahabr&utm_medium=rss;Когда я впервые столкнулся с Flask, у меня сразу возник вопрос по построению архитектуры проекта. Прочитав пару статей на Хабре (https://habr.com/ru/post/275099/ и https://habr.com/ru/post/421887/), я вспомнил свой опыт создания проектов на Django, и решил сделать инструмент, благодаря которому не придется задумываться об архитектуре, но при этом можно будет использовать все возможности Flask.
2020-03-04;[бесплатно] Python School в Челябинске;https://antidasoftware.com/python-school/;Первого апреля в Челябинске стартует школа разработки на языке Python. Это отличная возможность для старта карьеры в IT. Обучение будет включать в себя теоретическую подготовку и разработку учебного проекта. Эксперты поделятся фундаментальными знаниями, необходимыми каждому профессиональному разработчику для создания современных веб-приложений на Python. Они передадут свой опыт, начиная с основ языка, заканчивая разработкой реального проекта на фреймворке Flask. Обучение бесплатное.
2020-02-11;Запускаем Flask приложение на AWS EC2;https://www.codementor.io/jqn/deploy-a-flask-app-on-aws-ec2-13hp1ilqy2;
2020-02-09;Deploy Flask Apps to AWS Elastic Beanstalk using Travis CI;https://camillovisini.com/flask-deployment-aws-elastic-beanstalk-travis-ci/;
2020-02-06;Опыт создания web-приложения с Pony ORM;https://habr.com/ru/post/487296/?utm_campaign=487296&utm_source=habrahabr&utm_medium=rss;Недавно передо мной встала задача написать на Python web-приложение для разделения счёта в ресторане между участниками трапезы. Так как нужна DB для хранения данных о заказах и пользователях, встал вопрос выбора ORM для работы с базой. Разработка велась на Flask, так что сразу отметается Django ORM и выбор изначально пал в сторону SQLAlchemy. С одной стороны эта ORM почти всемогущая, но за счет этого она довольно тяжела в освоении. Помучившись с алхимией какое-то время, я решил найти более простой вариант, чтоб разработка пошла быстрее. В итоге для проекта была выбрана Pony ORM.
2020-01-31;Web-приложения на Flask: как бороться с циклическими импортами;https://habr.com/ru/post/486112/?utm_campaign=486112&utm_source=habrahabr&utm_medium=rss;Flask – один из самых популярных фреймворков Python, но некоторые ошибки при его использовании могут привести к определенным затруднениям. В этой статье мы расскажем о том, как не допустить возникновения циклических импортов в проекте.
2020-01-30;Пишем сервис одноразовых записок на Python;https://habr.com/ru/post/486246/?utm_campaign=486246&utm_source=habrahabr&utm_medium=rss;У некоторых людей возникает необходимость передать небольшие сообщения. Но как это сделать, если вы пользуетесь различными социальными сетями и мессенджерами, в безопасности передачи данных через которые вы сомневаетесь. Некоторые люди для этого используют сервисы самоуничтожающихся шифрованных записок. Но тут встает вопрос можно ли доверять этим сервисам и действительно ли они уничтожают записки после прочтения.Для решения этой проблемы мы напишем свой сервис самоуничтожающихся шифрованных записок на языке Python с использованием модуля cryptography и фреймворка Flask и развернем его на облачном сервисе Heroku.
2020-01-24;Использование SQLAlchemy с Flask и PostgreSQL;https://stackabuse.com/using-sqlalchemy-with-flask-and-postgresql/;
2019-12-29;How to use Flask with gevent (uWSGI and Gunicorn editions);https://iximiuz.com/en/posts/flask-gevent-tutorial/?utm_medium=social&utm_source=python_ru;
2019-11-15;Zappa, Chalice и друзья: запускаем код без серверов с помощью AWS Lambda;https://www.youtube.com/watch?v=KSHlNiU8Vak;Технологии Serverless несколько лет, и с каждым годом её популярность растет. Для высоконагруженных систем это простой способ бесконечного масштабирования, а для простых сайд-проектов - это отличная возможность бесплатного хостинга. Принцип в том, что вы деплоите не вебсервер, а функции, и платите только за время выполнения этих функций (обычно это миллисекунды).В докладе мы рассмотрим, как устроены эти функции, какие есть инструменты для их создания - и зачем это обычному питонисту. Также мы увидим, как деплоить уже готовые приложения на Django и Flask в serverless-режиме
2019-10-29;Превращаем скрипты в красивые инструменты для машинного обучения;https://habr.com/ru/post/473196/?utm_campaign=473196&utm_source=habrahabr&utm_medium=rss;Мой опыт подсказывает, что любой более или менее сложный проект по машинному обучению рано или поздно превращается в набор сложных неподдерживаемых внутренних инструментов. Эти инструменты, как правило, мешанина из скриптов Jupyter Notebooks и Flask, которые сложно развёртывать и интегрировать с решениями типа GPU сессий Tensorflow. Впервые я столкнулся с этим в университете Карнеги, затем в Беркли, в Google X, и, наконец, при создании автономных роботов в Zoox. Зарождались инструменты в виде небольших Jupyter notebooks: утилита калибровки сенсора, сервис моделирования, приложение LIDAR, утилита для сценариев и т.д.С ростом важности инструментов появлялись менеджеры. Бюрократия росла. Требования повышались. Маленькие проекты превращались в огромные неуклюжие кошмары.
2019-10-29;Асинхронные задачи в Flask, Redis и Celery;https://stackabuse.com/asynchronous-tasks-using-flask-redis-and-celery/;
2019-10-22;Оптимизация производительности Django на примере боевого проекта;https://evileg.com/ru/post/564/;Последнее время я посвятил много времени оптимизации сайта и теперь хотелось бы рассказать об этом. В данной статье будет объяснено использование методов select_related и prefetch_related в QuerySet, а также их различие. Также постараюсь объяснить почему Django считают медленным, и почему это всё-таки не так. Конечно Django по многим статьям медленнее, чем тот же Flask, но в тоже время в большинстве проектов проблема заключается не в самом Django, а скорее а в отсутствии опттимизации запросов к базе данных.
2019-10-18;Система контроля библиотеки на Flask-Potion, Часть 0: готовим всё, что понадобится;https://habr.com/ru/post/472018/?utm_campaign=472018&utm_source=habrahabr&utm_medium=rss;"В своей работе я уже некоторое время использую Flask-Potion — фреймворк, основными достоинствами которого являются: весьма удобная интеграция с SQLAlchemy моделями, автогенерация crud-эндпоинтов, наличие клиента potion-client (весьма удобного, если пишешь API сервиса, использование которого понадобится в другом сервисе). Вместо простой обзорной статьи на этот фреймворк я решил написать несколько статей о создании системы контроля для библиотеки ""Furfur"" на основе Flask-Potion."
2019-10-03;Храним файлы в AWS S3 через Flask;https://stackabuse.com/file-management-with-aws-s3-python-and-flask/;
2019-09-26;Flask-SQLAlchemy 2.4.1;https://flask-sqlalchemy.palletsprojects.com/en/2.x/changelog/#version-2-4-1;
2019-08-30;Используем Firebase для хостинга Flask приложения;https://medium.com/firebase-developers/hosting-flask-servers-on-firebase-from-scratch-c97cfb204579;
2019-08-24;Talk Python to Me: #226 Building Flask APIs for data scientists;https://talkpython.fm/episodes/show/226/building-flask-apis-for-data-scientists;Audio
2019-08-22;Пишем API на Python (с Flask и RapidAPI);https://habr.com/ru/post/464705/?utm_campaign=464705&utm_source=habrahabr&utm_medium=rss;Если вы читаете эту статью, вероятно, вы уже знакомы с возможностями, которые открываются при использовании API (Application Programming Interface).  Добавив в свое приложение один из многих открытых API, вы можете расширить функциональность этого приложения либо же дополнить его нужными данными. Но что, если вы разработали уникальную функцию, которой хотите поделиться с коммьюнити?
2019-07-23;Деплоим ML проект, используя Flask как REST API, и делаем доступным через приложение на Flutter;https://habr.com/ru/post/460995/?utm_campaign=460995&utm_source=habrahabr&utm_medium=rss;Машинное обучение уже везде и, пожалуй, почти невозможно найти софт, не использующий его прямо или косвенно. Давайте создадим небольшое приложение, способное загружать изображения на сервер для последующего распознавания с помощью ML. А после сделаем их доступными через мобильное приложение с текстовым поиском по содержимому. Мы будем использовать Flask для нашего REST API, Flutter для мобильного приложения и Keras для машинного обучения. В качестве базы данных для хранения информации о содержимом изображений используем MongoDB, а для получения информации возьмём уже натренированную модель ResNet50. При необходимости мы сможем заменить модель, используя методы save_model() и load_model(), доступные в Keras. Последний потребует около 100 Мб при первоначальной загрузке модели. Почитать о других доступных моделях можно в документации.
2019-06-30;microblog - Flask Mega-Tutorial;http://github.com/miguelgrinberg/microblog;
2019-06-17;Flask Production Recipes;https://www.toptal.com/flask/flask-production-recipes;
2019-06-14;Пишем Restful API с Flask, Postman и PyTest - часть 1;https://www.codementor.io/maxongzongbao/building-restful-api-with-flask-postman-pytest-part-1-read-time-6-mins-vvnughtnk;
2019-06-13;Пишем приложение Todo на Flask;https://stackabuse.com/building-a-todo-app-with-flask-in-python/;
2019-06-13;Изучаем Flask на практике;https://www.youtube.com/watch?v=Z1RJmh_OqeA;
2019-06-06;Мелкая питонячая радость #2: Starlette;https://habr.com/ru/post/454440/?utm_campaign=454440&utm_source=habrahabr&utm_medium=rss;Так уж сложилось, что на Python пишут много веб-приложений. Эту нишу Python разработки почти полностью поделили между собой два здоровых игрока — Django и Flask. Поэтому большой процент программистов, пишущих на Python, заточен на работу с этими двумя фреймворками. По этой причине у многих Python-разрабов складывается некое подобие тунельного зрения — их инженерный подход заперт между этими двумя библиотеками.
2019-05-18;Flask 1.0.3;https://github.com/pallets/flask/releases/tag/1.0.3;
2019-04-08;REST API c Flask, Connexion и SQLAlchemy – Часть 3;https://realpython.com/flask-connexion-rest-api-part-3/;
2019-03-30;Начинаем проект: Flask + Stripe;https://medium.com/@reedrehg/a-flask-stripe-saas-template-cab289c11316;
2019-03-25;Владимир Деев - Как создать MVP онлайн сервиса на Flask Admin за 60 минут;https://www.youtube.com/watch?v=BLf5C7Sz9Oc;Слайды: https://docs.google.com/presentation/d/1bpUc8xxvdJZ95mfvhHSfMUaQTZjP4l8YijkIBuqFD0Y/edit?usp=sharingМногие пытаются сделать стартап сразу красивым и привлекательным, используя очередной новомодный JS-фреймворк. Я же убежден, что в ряде случаях гипотезу можно проверить создав веб на базе админки. Расскажу об одном стартапе, которые был создан (и просуществовал в течение 1.5 лет) на Flask-Admin - админке, работающей поверх Flask, WTForms и SQLALchemy, при этом в проекте было написано минимум Javascript-кода. В докладе расскажу о граблях, на которые мы наступили и различных трюках кастомизации данной админки. 
2019-02-05;Используем machine learning model с Flask, Docker и Kubernetes;http://ow.ly/V2XB30nz9VS;
2019-02-03;Python Junior подкаст. Разбираем код мини-блога Flaskr;https://www.youtube.com/watch?v=86BGCicvow8;
2019-01-16;Пишем API для machine learning модели на Flask;https://www.codementor.io/timelfrink94/how-to-build-an-api-for-a-machine-learning-model-in-5-minutes-using-flask-r79psceci;
2019-01-01;hydrus - Flask HYDRA-powered web server;http://github.com/HTTP-APIs/hydrus;
2018-12-20;Flask-Admin 1.5.3;https://github.com/flask-admin/flask-admin/releases;
2018-12-18;Знакомство с Тестированием в Python. Ч. 2;https://habr.com/post/433572/?utm_campaign=433572;Если вы пишете тесты для веб-приложений, используя один из популярных фреймворков, например, Django или Flask, то стоит помнить о важных отличиях в написании и запуске таких тестов.
2018-12-01;Краткое руководство по Dash — Python веб-фреймворк для создания дэшбордов. Installation + Dash Layout;https://habr.com/post/431754/?utm_campaign=431754;Сегодня предлагаю погрузиться в один из удобнейших веб-фреймворков в связке c Python под названием Dash. Появился он не так давно, пару лет назад благодаря разработчикам фреймворка plotly. Сам Dash является связкой Flask, React.Js, HTML и CSS.
2018-11-30;Flask-Migrate 2.3.1;https://github.com/miguelgrinberg/Flask-Migrate/releases;
2018-11-26;Скелет Serverless Flask REST API на Zeit Now;https://medium.com/@camillovisini/barebone-serverless-flask-rest-api-on-zeit-now-9c2fe979c25c;
2018-11-26;Скелет сайта на Flask;https://medium.com/@camillovisini/barebone-flask-website-77c19c8ff620;Учимся писать и разворачивать Flask сайт на Amazon ElasticBeanstalk
2018-11-15;Flask-OpenTracing 1.0.0;https://github.com/opentracing-contrib/python-flask/releases;
2018-11-15;flask-rebar 1.1.0;https://github.com/plangrid/flask-rebar/releases;
2018-11-12;Как создать чат-бота для ВКонтакте, используя Python, Django и webhook;https://habr.com/post/429628/?utm_campaign=429628;Возможно я плохо искал, но я не смог найти подробного руководства по созданию бота на python с применением фреймворка Django и подхода webhook, работающего на хостинге от российской компании. В большинстве материалов говориться о применении фреймворка Flask и использования бесплатных хостингов Heroku и PythonAnywhere. Опыт сообщества Хабр меня выручает, поэтому я решил в знак благодарности потратить время на написание данной статьи. Опишу полученный практический опыт, чтобы дать возможность всем кто в этом заинтересован сэкономить время и лучше понять как сделать бота на Python с применением фреймворка Django на своём хостинге, используя подход webhook.
2018-09-28;flask-restplus 0.12.0;https://github.com/noirbizarre/flask-restplus/releases;
2018-09-20;Flask-pyoidc 2.0.0;https://github.com/zamzterz/Flask-pyoidc/releases;
2018-09-14;Настраиваем Web Push Notifications использованием pywebpush шаг за шагом;https://habr.com/post/423193/?utm_campaign=423193;Когда передо мной поставили задачу сделать черновой вариант push notifications, быстрый поиск показал, что на хабре уже есть много статей по настройке push notifications. Вот наиболее, на мой взгляд, годные:  Как работает JS: веб push-уведомления Web PUSH Notifications быстро и просто924/ Service Workers. Web Push и где они обитают  Это все прекрасно, но лично мне очень не хватало простого и понятного руководства, которое позволило бы сразу, практически методом копипаста сделать так, чтобы все сразу заработало. Ну и кроме того среди руководств нет адаптированного под бек на питоне.  Настройка уведомлений в итоге заняла три дня и мне кажется, что это несколько многовато. Надеюсь, моя статья поможет кому-то настроить push notifications за три часа вместо трех дней. Проект, на котором я работаю, реализован на Django и описывать ход работы я буду применительно к этому фреймворку, но желающие легко адаптируют его к Flask или чему-либо еще.  Итак, погнали.
2018-09-13;Flask-SocketIO 3.0.2;https://github.com/miguelgrinberg/Flask-SocketIO/releases;
2018-08-28;Используем Electron с Flask и python-shell;https://www.techiediaries.com/flask-electron-tutorial/;
2018-08-27;Flask-Admin 1.5.2;https://github.com/flask-admin/flask-admin;
2018-07-20;Flask-GraphGL 2.0.0;https://github.com/graphql-python/flask-graphql/releases;
2018-07-20;Flask-Dropzone 1.5.0;https://github.com/greyli/flask-dropzone/releases;
2018-07-19;Flask-JWT-Extended 3.11.0;https://github.com/vimalloc/flask-jwt-extended/releases;
2018-07-06;flask-peewee 3.0.1;https://github.com/coleifer/flask-peewee/releases;
2018-06-13;Flask-Migrate 2.2.0;https://github.com/miguelgrinberg/Flask-Migrate/releases;
2018-06-11;Построение и документации REST API на Flask и Connexion;https://realpython.com/flask-connexion-rest-api/;
2018-06-01;Dynaconf 1.0.x - система конфигураций с поддержкой flask и django;http://brunorocha.org/python/dynaconf-1-0-x-released-layered-configuration-system-for-python-with-flask-and-django-support.html;
2018-05-27;Мега-Учебник Flask, Часть XXIII: Интерфейсы прикладного программирования (API);https://habr.com/post/358152/?utm_campaign=358152;Это двадцать третья часть Мега-Учебника, в которой я расскажу вам, как расширить микроблог с помощью интерфейса прикладного программирования (или API), который клиенты могут использовать для работы с приложением более прямым способом, чем традиционный рабочий процесс веб-браузера.
2018-05-17;Flask-RESTPlus 0.11.0;http://flask-restplus.readthedocs.io/en/stable/changelog.html;
2018-05-16;Flask-OAuthlib 0.9.5;https://github.com/lepture/flask-oauthlib/releases;
2018-05-07;Flask 1.0.2;http://flask.pocoo.org/docs/1.0/changelog;
2018-05-03;Мега-Учебник Flask, Часть XXII: Фоновые задачи;https://habr.com/post/354752/?utm_campaign=354752;Это двадцать вторая часть Мега-Учебника, в которой я расскажу вам, как создавать фоновые задания, которые работают независимо от веб-сервера.
2018-04-27;Мега-Учебник Flask, Часть XXI: Уведомления пользователей;https://habr.com/post/354322/?utm_campaign=354322;Это двадцать первая часть Мега-Учебника Flask, в которой я добавлю функцию личных сообщений, а также уведомления пользователей, которые появляются на панели навигации без необходимости обновления страницы.
2018-04-19;Мега-Учебник Flask, Часть XX: Магия JavaScript;https://habrahabr.ru/post/353804/?utm_campaign=353804;Это двадцатый выпуск серии Мега-учебника Flask, в котором я собираюсь добавить всплывающее окно, появляющееся при наведении указателя мыши на имя пользователя.
2018-04-14;keras-flask-deploy-webapp - разворачиваем Keras модель с помощью Flask;http://github.com/mtobeiyf/keras-flask-deploy-webapp;
2018-04-13;Мега-Учебник Flask, Часть XIX: Развертывание на основе Docker-контейнеров;https://habrahabr.ru/post/353234/?utm_campaign=353234;Это девятнадцатая часть серии мега-учебника Flask, в которой я собираюсь развернуть Microblog на платформе Docker.
2018-04-06;Never Fail Twice, или как построить мониторинговую систему с нуля;https://habrahabr.ru/post/352980/?utm_campaign=352980;У нас было 2 виртуальные машины, 75 сайтов, десятки тысяч машин для мониторинга, тысячи метрик, две базы данных и одна очередь ActiveMQ, Python и целое множество библиотек всех сортов и расцветок, pandas, а также numpy, dash, flask, SQL Alchemy. Не то чтобы это был необходимый запас для системы, но если начал собирать компоненты, становится трудно остановиться. Единственное, что вызывало у меня опасение — это JavaScript. Ничто в мире не бывает более беспомощным, безответственным и порочным, чем JS зомби. Я знал, что рано или поздно мы перейдем и на эту дрянь.
2018-04-05;Мега-Учебник Flask, Часть XVIII: Развертывание на Heroku;https://habrahabr.ru/post/352830/?utm_campaign=352830;Это восемнадцатая часть серии Мега-учебников Flask, в которой я собираюсь развернуть микроблог на облачной платформе Heroku.
2018-03-31;Мега-Учебник Flask, Часть XVII: Развертывание под Linux;https://habrahabr.ru/post/352266/?utm_campaign=352266;Это семнадцатая часть серии Мега-учебников Flask, в которой я собираюсь развернуть микроблог на сервере Linux.
2018-03-30;Single Page Apps with Vue.js and Flask: JWT Authentication;http://stackabuse.com/single-page-apps-with-vue-js-and-flask-jwt-authentication/;
2018-03-29;Отправляем письма-подтверждения на Flask, Redis Queue, и Amazon SES;https://testdriven.io/sending-confirmation-emails-with-flask-rq-and-ses;
2018-03-28;Как использовать Python и Flask для создания веб-приложения - углубленное руководство;https://www.codementor.io/abhinavsuri/how-to-use-python-and-flask-to-build-a-web-app-an-in-depth-tutorial-hrncxg1m0;
2018-03-27;Глава 16: Полнотекстовый поиск;https://habrahabr.ru/post/351900/?utm_campaign=351900;Это шестнадцатая часть серии Мега-учебников Flask, в которой я собираюсь добавить в микроблог возможность полнотекстового поиска.
2018-03-16;Мега-Учебник Flask, Часть XV: Улучшение структуры приложения;https://habrahabr.ru/post/351218/?utm_campaign=351218;Это пятнадцатая часть серии Мега-учебников Flask, в которой я собираюсь реструктурировать приложение, используя стиль, подходящий для более крупных приложений.
2018-03-07;XSS - Уязвимость, которую мы заслужили;https://www.youtube.com/watch?v=iC8blfEAcMM;Доклад про XSS с лайвкодингом, Flask, тестами на pytest и selenium.
2018-03-06;Мега-Учебник Flask, Часть XIV: Ajax;https://habrahabr.ru/post/350626/?utm_campaign=350626;Это четырнадцатая часть Мега-Учебника Flask,k, в которой я собираюсь добавить функцию перевода текста в реальном времени, используя службу перевода Microsoft и немного JavaScript.
2018-03-01;Асинхронные задачи на Flask и Redis Queue;https://testdriven.io/asynchronous-tasks-with-flask-and-redis-queue;
2018-02-28;Мега-Учебник Flask, Часть XIII: I18n и L10n;https://habrahabr.ru/post/350148/?utm_campaign=350148;Это тринадцатая часть серии Мега-Учебник Flask, в которой я расскажу вам, как реализовать поддержку нескольких языков для вашего приложения. В рамках этой работы вы также узнаете о создании собственных расширений CLI для flask.
2018-02-27;Структура Flask проекта;http://www.patricksoftwareblog.com/structuring-a-flask-project/;
2018-02-21;Мега-Учебник Flask, Часть XII: Даты и время (издание 2018);https://habrahabr.ru/post/349604/?utm_campaign=349604;Это двенадцатая часть серии Мега-Учебник Flask, в которой я расскажу вам, как работать с датой и временем таким образом, что бы пользователи, не зависели от того, в каком часовом поясе они находятся.
2018-02-20;Готовый шаблон сайта с регистрацией, юзерами и админами на Flask;https://habrahabr.ru/post/349264/?utm_campaign=349264;Бывает, приходится делать сайты на flask, у которых есть пользователи и админы. Чисто для себя решил как-то это стандартизировать и, главное, не терять время, когда такая задача появляется. Цель — в несколько команд получить рабочий сайт
2018-02-19;Tutorila: как начать Flask проект на Python 3;http://www.patricksoftwareblog.com/steps-for-starting-a-new-flask-project-using-python3/;
2018-02-15;Мега-Учебник Flask, Часть XI: Чуть-чуть косметики (издание 2018);https://habrahabr.ru/post/349060/?utm_campaign=349060;Это одиннадцатая часть Мега-Учебника Flask, в которой я расскажу вам, как заменить базовые шаблоны HTML новым набором, основанным на структуре пользовательского интерфейса Bootstrap.
2018-02-08;Мега-Учебник Flask, Часть X: Поддержка электронной почты (издание 2018);https://habrahabr.ru/post/348566/?utm_campaign=348566;Это десятая часть серии Mask-Tutorial Flask, в которой я расскажу вам, как приложение может отправлять электронные письма вашим пользователям и как создать функцию восстановления пароля при поддержке адреса электронной почты.
2018-02-05;Deep learning в продакшене с Keras, Redis, Flask и Apache;https://www.pyimagesearch.com/2018/02/05/deep-learning-production-keras-redis-flask-apache/;
2018-01-31;Мега-Учебник Flask, Часть IX: разбиение на страницы (издание 2018);https://habrahabr.ru/post/347926/?utm_campaign=347926;Это девятый выпуск серии Mega-Tutorial Flask, в котором я расскажу вам, как разбивать списки в базе данных.
2018-01-25;cookiecutter-flask-restful - шаблон REST проекта с Flask и JWT;https://github.com/karec/cookiecutter-flask-restful;
2018-01-24;Мега-Учебник Flask, Глава 8: Подписчики, контакты и друзья (издание 2018);https://habrahabr.ru/post/347450/?utm_campaign=347450;Это восьмая часть серии Flask Mega-Tutorial, в которой я расскажу вам, как реализовать функцию «подписчики», аналогичную функции Twitter и других социальных сетей.
2018-01-20;Talk Python to Me: #147 Quart: Flask, but 3x faster;https://talkpython.fm/episodes/show/147/quart-flask-but-3x-faster;Аудио-подкаст
2018-01-18;OAuth аутентификация в приложении Flask;https://habrahabr.ru/post/346918/?utm_campaign=346918;Технологии OAuth уже больше 10 лет, и 99% процентов интернет-аудитории имеет аккаунт минимум на одном из ресурсов, поддерживающих OAuth. Кнопка «Войти через» есть почти на каждом ресурсе? Разберемся как это делается с применением микрофреймворка Flask.
2018-01-18;Мега-Учебник Flask, Часть 7: Обработка ошибок ( издание 2018);https://habrahabr.ru/post/346880/?utm_campaign=346880;Это седьмая глава серии Mask-Tutorial, в которой я расскажу вам, как выполнять обработку ошибок в приложении Flask.
2018-01-12;Talk Python to Me: #146 используем Alexa Skills с Python и Flask;https://talkpython.fm/episodes/show/146/building-alexa-skills-with-python-and-flask;Голосовые ассистенты уже здесь
2018-01-11;Мега-Учебник Flask, Часть 5: Пользовательские логины ( издание 2018 );https://habrahabr.ru/post/346346/?utm_campaign=346346;Это пятый выпуск серии Flask Mega-Tutorial, в котором я расскажу вам, как создать подсистему входа пользователя.
2018-01-11;Мега-Учебник Flask, Часть 6: Страница профиля и аватары;https://habrahabr.ru/post/346348/?utm_campaign=346348;Это шестой выпуск серии Flask Mega-Tutorial, в котором я расскажу вам, как создать страницу профиля пользователя.
2018-01-10;Мега-Учебник Flask, Часть 2: Шаблоны (издание 2018);https://habrahabr.ru/post/346340/?utm_campaign=346340;Эта статья является переводом второй части нового издания учебника Мигеля Гринберга, выпуск которого автор планирует завершить в мае 2018.Прежний перевод давно утратил свою актуальность.
2018-01-10;Мега-Учебник Flask, Часть 3: Веб-формы ( издание 2018 );https://habrahabr.ru/post/346342/?utm_campaign=346342;Эта статья является переводом третьей части нового издания учебника Мигеля Гринберга. Прежний перевод давно утратил свою актуальность. В этом третьем выпуске серии Мега-Учебник Flask я расскажу о том, как работать с формами.
2018-01-10;Мега-Учебник Flask, Часть 4: База данных ( издание 2018 );https://habrahabr.ru/post/346344/?utm_campaign=346344;Эта статья является переводом четвертой части нового издания учебника Мигеля Гринберга. Прежний перевод давно утратил свою актуальность. Это четвертый выпуск серии Flask Mega-Tutorial, в котором я расскажу вам, как работать с базами данных.
2018-01-09;Мега-Учебник Flask Глава 1: Привет, мир! (переиздание 2018);https://habrahabr.ru/post/346306/?utm_campaign=346306;Эта статья является переводом нового издания учебника Мигеля Гринберга. Прежний перевод давно утратил свою актуальность. Оригинальный учебник избавлен от некоторых неточностей, вызванных развитием веб за те 5 лет, что существует эта книга. Автор планирует завершить его выпуск в мае 2018. Я, со своей стороны, постараюсь не отставать с переводом.
2018-01-02;Разворачиваем Flask приложение на Heroku;https://www.codementor.io/johnkagga/deploying-a-python-flask-app-on-heroku-fdot1rq09;
2017-12-15;Flask 101: поиск и удаление;http://www.blog.pythonlibrary.org/2017/12/15/flask-101-filtering-searches-and-deleting-data/;
2017-12-14;Flask 101: добавление, редактирование данных;http://www.blog.pythonlibrary.org/2017/12/14/flask-101-adding-editing-and-displaying-data/;
2017-12-13;Flask 101: как добавить форму поиска;http://www.blog.pythonlibrary.org/2017/12/13/flask-101-how-to-add-a-search-form/;
2017-12-07;Асинхронные задачи на Flask + Celery;http://allynh.com/blog/flask-asynchronous-background-tasks-with-celery-and-redis/;Пример приложения
2017-11-30;Ускорение Flask приложения в 3 раз;https://medium.com/@pgjones/3x-faster-than-flask-8e89bfbe8e4f;Использование asyncio
2017-11-27;quart - asyncio framework аля Flask;https://github.com/pgjones/quart;
2017-11-09;Пишем GIF бота для Facebook Messenger на Flask;https://medium.com/codebagng/building-a-gif-messenger-bot-with-flask-fcdca58e581c;
2017-10-19;Каркас для Flask REST API;https://medium.com/@camillovisini/barebone-flask-rest-api-ac263db82e40;Как написать каркас REST API на Flask.
2017-10-19;Руководство по созданию расширений для Jinja2;https://habrahabr.ru/post/340254/;"Jinja2 — Python-библиотека для рендеринга шаблонов, являющаяся де-факто стандартом при написании веб-приложений на Flask и довольно популярной альтернативой встроенной системе шаблонов Django. Хотя и будучи сильно привязана к языку, Jinja2 позиционирует себя как инструмент для дизайнеров и верстальщиков, упрощающий вёрстку и отделяющий её от разработки, и пытающийся по мере возможностей изолировать не-разработчиков от Python. Вёрстка, впрочем, не единственное возможное её применение; например, в своей работе я использую шаблоны Jinja2 для генерации SQL-запросов."
2017-10-18;Python разработчик в Ivideon (до 230к и выше руб);http://ivideon.com/;"Ivideon (http://ivideon.com/) - это популярный облачный сервис для домашнего и бизнес-видеонаблюдения.Наша highload-платформа постоянно обрабатывает, хранит и стримит видео с десятков тысяч камер по всему миру. У нас собственные подсистемы кодирования видео, биллинг, распределённое хранилище архива и ещё десятки микросервисов для разных задач. Всё это работает на стеке Python/Tornado, C++/Asio, MongoDB, Redis, Hg (BitBucket).В нашу backend-команду мы ищем сильного разработчика, который поможет нам развивать сервисы стриминга видео.Нужно хорошо разбираться в: 1. Программировании в целом (алгоритмы/структуры данных); 2. Проектировании и технологиях разработки (архитектурные паттерны/тестирование/документирование); 3. Сетевом программировании и распределённых системах; 4. Серверных Linux; 5. Грамотном выражении своих идей.У нас в облаке софт на смеси C++ и Python, поэтому нужен приличный уровень владения хотя бы чем-то одним, в идеале - обоими, но это дело наживное. Ещё существенный момент - нужен не просто кодер, а человек, который сможет под задачу сам придумать архитектуру решения + реализовать.Что придется разрабатывать: Компоненты облака, занимающиеся обработкой видео: геобалансировку, стриминг, облачное кодирование, архив, видеоаналитику и т.д.Формальные требования:- Знание современного Python (PEP-8, 2.7 vs 3.x); - Опыт разработки под Linux и высокий общий уровень владения этой системой (bash, популярные утилиты); - Опыт работы с сетью (TCP, HTTP + REST); - Знание классических алгоритмов и структур данных; - Опыт работы с системами контроля версий (мы используем Mercurial). - Опыт разработки с использованием одного из распространенных веб-фреймворков (Tornado, Flask, Django); - Опыт работы с SQL- и NoSQL-базами (идеально - MongoDB); - Плюсом будет владение C++ и опыт коммерческой разработки на нём; - Опыт работы с project management-системами и багтрекерами. - Знание паттернов и принципов проектирования; - Плюсом будет опыт работы с видео-кодеками, передачей видео по сети или VoIP.Кратко про нас и что предлагаем:- Самому проекту уже более 10 лет, работаем по всему миру (тот же сайт и личный кабинет у нас уже доступен на 8 языках), есть представители в США и Европе. - Команда облачного направление - 6 человек (хотим найти ещё парочку), it отдел - 45 человек, всего в компании нас более 170. - По количеству пользователей сейчас приближаемся к 2.5 млн. У нас большое облако на сервис-ориентированной архитектуре, решающее спектр задач от биллинга пользователей до элементов internet of things.  - Ключевые подсистемы: публичный API, стриминговая платформа, облачный архив, видеоаналитика, биллинг, бэкофисные сервисы. Также команда облака поддерживает свои CI и test automation-платформу. Используем Python+Tornado, C++, Linux, MongoDB. - Гибкий график. Работа в офисе в Москве на ст. м. Варшавская. От метро до офиса курсирует бесплатный автобус (2 минуты в пути) или 10 минут пешком; - Удобная кухня в офисе с чаем/кофе и запасами печенек, тортиков, сладостей, фруктов и прочего; - Настольный теннис для любителей активного отдыха и массажное кресло для всех остальных, часто играем в настольные игры и начали формировать команду для соревнований по пейнтболу; - Молодой амбициозный коллектив, демократичная, дружеская атмосфера и очень адекватное руководство; - Способствуем развитию и профессиональному росту сотрудников, помогаем с покупкой необходимой профессиональной литературы; - Оформляем по ТК РФ с первого дня. Всё белое. Зарплатная вилка, в которой идеально было бы найти специалиста - до 230 000 рублей, но готовы обсуждать и выше.Контакты: Почта - m.kuzmin@ivideon.com Telegram - https://telegram.me/maxim_kuzmin Skype - kuzmin.maks"
2017-10-05;Раздаем статические файлы в Flask;http://stackabuse.com/serving-static-files-with-flask/;
2017-09-21;Flask vs Django;http://stackabuse.com/flask-vs-django/;
2017-08-29;Авторизация юзера на Angular 4 и Flask;https://realpython.com/blog/python/user-authentication-with-angular-4-and-flask/;
2017-08-24;Авторизация для Flask приложения;http://brunorocha.org/python/flask/simple-login-extension-for-flask.html;
2017-07-17;Создание своего первого Flask приложения;https://pythonlite.com/article/flask/sozdanie-tvoego-pervogo-flask-prilozheniya;В статье подробно разобран процесс создания первого приложения на Flask и Python
2017-07-04;PyMessager - SDK и Flask API для чатботов Facebook Message Platform;http://github.com/enginebai/PyMessager;
2017-06-30;Получаем фотографии NASA с Марса с помощью aiohttp;https://habrahabr.ru/post/331834/;Я большой фанат книги «Марсианин» Энди Вейера. Читая её, мне было интересно, что же Марк Уотни чувствовал, гуляя по красной планете. Недавно наткнулся на пост на Twillo, в котором упоминалось, что у NASA есть публичный API для доступа к фотографиям с марсоходов. Так что я решил написать собственное приложение для просмотра изображений непосредственно в браузере.
2017-06-29;Обсуждение: почему Pinterest переехали с Django на Flask.;https://www.reddit.com/r/Python/comments/6jjqxx/why_did_pinterest_move_from_django_to_flask/;
2017-06-23;Django vs Flask;https://www.git-pull.com/code_explorer/django-vs-flask.html;Сравнение двух фреймворков
2017-06-15;Переход с Flask-Script на Flask CLI;https://blog.miguelgrinberg.com/post/migrating-from-flask-script-to-the-new-flask-cli;
2017-06-12;Отзывчивые столбчатые диаграммы с Bokeh, Flask и Python 3;https://habrahabr.ru/post/330706/?utm_source=habrahabr&utm_medium=rss&utm_campaign=hub; Bokeh — это мощная библиотека с открытым исходным кодом, которая позволяет визуализировать данные для веб-приложений, не написав ни строчки на javascript. Изучение библиотек для визуализации вроде d3.js может оказаться полезным, но гораздо легче написать несколько строк кода на Python, чтобы решить задачу. С Bokeh мы можем создавать поразительно детальные интерактивные визуализации или же более простые вещи, вроде столбчатых диаграмм. Давайте разберёмся, как можно использовать Flask и Bokeh для визуализации данных в веб-приложении.
2017-06-10;Flask-Postmark - Postmark для Flask;https://github.com/Stranger6667/Flask-Postmark;Postmark - сервис для email  рассылок
2017-06-01;Отзывчивые графики на Bokeh, Flask и Python 3;https://www.fullstackpython.com/blog/responsive-bar-charts-bokeh-flask-python-3.html;Статья описывает, как использовать Bokeh для отображения данных в графиках
2017-05-16;Разворачиваем Flask приложение на обычном шаред хостинге;https://koddr.me/articles/how-to-deploy-flask-app-on-shared-hosting;Если перед вами действительно стоит задача «развернуть %любой из веб-фреймворков на Python% в продакшен на обычном (шаред) хостинге» — значит у вас что-то пошло не так.Как временная мера при разработке — why not?! Но как основная площадка для работы приложения — это не самая лучшая идея. Почему? Всё просто.Если не сразу, то при развитии проекта — вам всё равно потребуется тонкая настройка сервера и окружения. По-умолчанию, хостеры оставляют версию SQL и интерпретатора Python, которые идут со стабильными сборками ОС. Обычно это какой-нибудь MySQL 5.1.x и Python 2.7.6. И да, это ещё не самый плохой вариант! Я видел и более консервативных хостеров.(исходя из вышесказанного) Вы сами себя загоняете в рамки устаревшего стека технологий, вместо того, чтобы получать удовольствие от разработки :DИ самое главное — в 2017 году не найти дешёвый облачный VDS по цене шареда? Серьёзно?! О_о
2017-04-28;Flaskex - шаблон для небольших приложений;http://github.com/anfederico/Flaskex;
2017-04-27;Flask для Node разработчиков;http://mherman.org/blog/2017/04/26/flask-for-node-developers/;Статья описывает создание CRUD приложения на Flask
2017-04-21;focuson - утилита поиска уязвимостей в Python коде;http://github.com/uber/focuson;Работает с Flask приложениями
2017-04-20;Простое Flask приложение для сравнения погоды с 2 сайтов;http://pybit.es/flask-simple-weather-app.html;
2017-04-16;Как настроить Python 3, Flask и Green Unicorn на Ubuntu 16.04 LTS;https://www.fullstackpython.com/python-3-flask-green-unicorn-ubuntu-1604-xenial-xerus.html;
2017-03-31;flasgger - Swagger UI для Flask API;http://github.com/rochacbruno/flasgger;
2017-03-29;Docker-Compose: запускаем Flask;http://feedproxy.google.com/~r/Pycharm/~3/f8MLEV5b6Ps/;Статья описывает, как в PyCharm можно работать с Docker для запуска приложений
2017-03-21;flask-rest-jsonapi - плагин для построения REST API (JSONAPI 1.0) для Flask;http://github.com/miLibris/flask-rest-jsonapi;
2017-03-17;flango - стартовый набор, Django-бэкэнд, Flask-фронтенд;http://github.com/kennethreitz/flango;
2017-03-14;weppy 1.0 - web фреймворк;http://weppy.org/;Фреймворк содержит: ОРМ, формогенератор, валидация, и ещё несколько батареек из коробки. По заявлению разработчика работает быстрее django и flask.
2017-02-03;Talk Python to Me: #97 Flask, Django style with Flask-Diamond;https://talkpython.fm/episodes/show/97/flask-django-style-with-flask-diamond;
2017-01-31;Загрузка файлов в Flask REST API;http://www.patricksoftwareblog.com/receiving-files-with-a-flask-rest-api/;
2017-01-25;What the flask?;https://habrahabr.ru/post/320360/?utm_source=habrahabr&utm_medium=rss&utm_campaign=hub;"Однажды, меня спросили: что плохого во flask? Тогда меня полностью устраивал этот милый фреймворк. Поработав с ним какое-то время, я написал все, что думаю, в рабочий слак, на что мне ответили: ""Мурад, будь добрее"". Вообще, я добрый и пушистый, но wtf?!"
2017-01-22;flask-base - база для Flask проекта;http://github.com/hack4impact/flask-base;
2017-01-12;Визуализируем путешествие с помощью Flask и Mapbox;http://kazuar.github.io/visualize-trip-with-flask-and-mapbox/;
2017-01-05;Flask-Ask — используем мощь Alexa на Python;https://blog.craftworkz.co/flask-ask-a-tutorial-on-a-simple-and-easy-way-to-build-complex-alexa-skills-426a6b3ff8bc;
2017-01-04;Запуск Flask приложения c uWSGI, virtualenv и nginx;https://the-bosha.ru/2017/01/04/zapusk-flask-prilozheniia-c-uwsgi-virtualenv-i-nginx/;Пост про то, как запустить Flask веб-приложение под uWSGI в связке с nginx
2016-12-21;Генерация фиктивных данных с Elizabeth;https://habrahabr.ru/post/318120/?utm_source=habrahabr&utm_medium=rss&utm_campaign=hub;Elizabeth — это библиотека для языка программирования Python, которая помогает генерировать фиктивные данные. Один из простейших примеров использования библиотеки — это заполнение баз данных для приложений на Flask или Django. На данный момент библиотека поддерживает 16 языковых стандартов и 18 классов-провайдеров, предоставляющих разного рода данные.
2016-12-06;React-News-Board - пример приложения на React и Flask;http://github.com/ethan-funny/React-News-Board;
2016-11-28;flusk - API сервер на основе Flask, SQLAlchemy, Docker;http://github.com/dimmg/flusk;
2016-11-22;Unit тестирование для Flask приложения;http://www.patricksoftwareblog.com/unit-testing-a-flask-application/;
2016-11-03;FlaskSR - ускорение загрузки страниц для Flask;https://github.com/arpitbbhayani/flasksr;
2016-10-28;Миграции для реляционной БД для Flask с Flask-Migrate;http://www.patricksoftwareblog.com/relational-database-migrations-using-flask-migrate/;
2016-10-20;Делаем REST API на Flask с Orator ORM;http://blog.eustace.io/buiding-rest-api-with-flask-orator.html;
2016-10-19;quokka - CMS (Content Management System) - Python, Flask и MongoDB;http://github.com/quokkaproject/quokka;
2016-10-15;sanic - Python 3.5+ web server написанный на asyncio;http://github.com/channelcat/sanic;Веб сервер старается быть Flask'ом
2016-10-10;«Flaskr» — введение во Flask, разработка через тестирование (TDD) и jQuery;https://habrahabr.ru/post/312110/?utm_source=habrahabr&utm_medium=rss&utm_campaign=hub;Flask – это замечательный микро веб фреймворк, основанный на Python. Flaskr – это миниблог, который описан в официальном руководстве по Flask. Я продирался через это руководство больше раз, чем могу в этом признаться. Тем не менее, я хотел бы взять это руководство для следующего шага, добавив в него разработку через тестирование (test driven development) и немножко jQuery. 
2016-09-29;Как настроить Nginx для Flask приложения;http://www.patricksoftwareblog.com/how-to-configure-nginx-for-a-flask-web-application/;
2016-08-31;Flask на примере - Angular + D3;https://realpython.com/blog/python/flask-by-example-custom-angular-directive-with-D3/;
2016-08-19;Ray Framework - веб-фреймворк аля Django и Flask;https://rayframework.github.io/site/;Автор позиционирует его как нечто среднее между Django и Flask.
2016-06-27;flask-shell-ipython - реализация flask shell на базе IPython;https://github.com/ei-grad/flask-shell-ipython;
2016-06-23;Tutorial: пошаговая инструкция по созданию бота для Fb messenger;https://blog.hartleybrody.com/fb-messenger-bot/;Будем использовать Flask, а хостить на Herkoru
2016-06-23;PyCon 2016 в Портленде: видео всех значимых докладов и мастер-классов;https://habrahabr.ru/post/303882/?utm_source=habrahabr&utm_medium=rss&utm_campaign=hub;Под словами PyCon чего только не проводится. От шумных конференций с билетами за N сотен долларов до бесплатных заседаний зимбабвийского клуба питонистов в количестве 2-х голодных темнокожих разработчиков.  Портлендский PyCon этого года — мероприятие крупного калибра с крутыми докладчиками и действительно ценной информацией. Тут были и простые развлекательные презентации на 30 минут о будущем Python, и мастер-классы по популярным темам типа масштабирования Flask и упаковки приложений в Docker, и хардкорные многочасовые занятия по статистике и машинному обучению.  Организаторы не поскупились, все качественно записали и уже выложили на официальный канал конференции. Все на английском языке, но довольно понятном. Мимо такой кучи ценных знаний просто нельзя пройти мимо.
2016-06-16;FyPress - мини CMS на основе Flask и Jinja2;https://github.com/Fy-/FyPress;
2016-06-16;Интервью с автором Flask Армином Ронахером;https://habrahabr.ru/post/303420/?utm_source=habrahabr&utm_medium=rss&utm_campaign=hub;Продолжаем серию интервью с докладчиками PyCon Russia о Python, их работе и увлечениях. Готовы мини-интервью с разработчиком языка Python Андреем Светловым и программистом из Scrapinghub Александром Сибиряковым. Под катом — короткое интервью c Армином Ронахером (Armin Ronacher), автором фреймворка Flask, проекта Pallets, одним из основателей Pocoo Team, автором известного шаблонизатора для языка Python Jinja2 и нескольких библиотек с открытым исходным кодом. Сейчас Армин живет в Австрии и работает партнером Sentry и консультантом для Fireteam. 
2016-06-05;Python flask - правильная структура приложения;https://the-bosha.ru/2016/06/03/python-flask-freimvork-pravilnaia-struktura-prilozheniia/;В статье наглядно описывается структура flask приложения, которая наиболее часто используется разработчиками. С примерами, подробностями и вот этим всем.
2016-05-27;Предварительная программа PyCon Russia готова. Выступят докладчики из США, Англии, Франции, Чехии, Украины и России;https://habrahabr.ru/post/301950/?utm_source=habrahabr&utm_medium=rss&utm_campaign=hub;Программа PyCon-2016 получается отличной — Raymond Hettinger (Python core developer с 2001 года, автор и мэйнтейнер многих частей языка, США), Martin Görner (Google, Франция), Nathaniel Manista (Google, США), Armin Ronacher (Flask framework, Австрия), David MacIver (Hypothesis, Великобритания), Jackie Kazil (Capital One, США), Александр Кошкин (Positive Technologies, США), Александр Сибиряков (Scrapinghub, Чехия), Андрей Светлов (DataRobot, Украина), докладчики из HeadHunter, Rambler&Co, Яндекса, Toptal — и это еще не все. Подробности программы — под катом.
2016-05-26;flask-ask - toolkit для написания приложений для Amazon Echo;https://github.com/johnwheeler/flask-ask;
2016-05-24;Используем Slack API совместно с Flask;https://realpython.com/blog/python/getting-started-with-the-slack-api-using-python-and-flask/;
2016-05-20;Предварительная программа PyCon Russia готова;http://pycon.ru/2016/program/speakers/;3-4 июля недалеко от Москвы пройдет четвертая конференция для python-разработчиков PyCon Russia. Программа получается очень сильной — Raymond Hettinger (Python core developer с 2001 года, автор и мэйнтейнер многих частей языка, США), Martin Görner (Developer Relations, Google, Франция), Nathaniel Manista (Computer Scientist, Google, США), Armin Ronacher (Flask framework, Австрия), David MacIver (Hypothesis, Великобритания), Jackie Kazil (Technical Fellow at Capital One, США), Александр Сибиряков (Scrapinghub, Чехия), Андрей Светлов (DataRobot, Украина), докладчики из HeadHunter, Rambler&Co, Positive Technologies — и это еще не все.
2016-05-09;Android приложения на Python, Flask и WebView;http://inclem.net/2016/05/07/kivy/python_for_android_webview_support/;
2016-05-05;databench - Realtime data analysis tool.;http://pypi.python.org/pypi/databench/;Пакет предоставляет web-интерфейс на flask+d3.js и вебсокетах для анализа данных в реальном времени.
2016-04-15;Raspberry Pi Internet Radio с Flask;http://www.instructables.com/id/Raspberry-Pi-Internet-Radio-With-Flask/?ALLSTEPS;Цель руководства - показать читателю, как можно построить радио станцию, которая может получать сигнал из Интернета. Будет написан простой веб-интерфейс
2016-04-14;Flask-WeChat - интеграция WeChat в Flask;http://pypi.python.org/pypi/Flask-WeChat/;
2016-04-13;Dependency Injection в Bottle/Flask;http://qihqi.github.io/python/dependency-injection-python/;
2016-04-10;Построение REST JSON API на Python3, Flask и SQLAlchemy;http://techarena51.com/index.php/buidling-a-database-driven-restful-json-api-in-python-3-with-flask-flask-restful-and-sqlalchemy/;Подробное руководство по созданию REST системы на Flask
2016-04-10;Работаем с JSON данными на Python Flask;http://codehandbook.org/working-with-json-data-in-python-flask/;В статье вы найдете пример простых конструкций для упрощения работы с JSON в Flask
2016-03-29;Flask-Celery-py3 - Celery 3.0+ интеграция для Flask;http://pypi.python.org/pypi/Flask-Celery-py3/;
2016-03-23;Flask-Diced - генератор CRUD вьюх для Flask;http://pypi.python.org/pypi/Flask-Diced/;
2016-03-18;Flask-Classful - Class based views для Flask;http://pypi.python.org/pypi/Flask-Classful/;
2016-03-03;weppy - web framework для людей;http://github.com/gi0baro/weppy;Синтаксис фреймворка похож на Flask, используются компоненты из web2py. С помощью фреймворка можно создавать полноценные проекты. Работает чуть-чуть быстрее Flask и Django
2016-02-21;Flask-HTTPAuth - Basic и Digest HTTP авторизация на Flask;http://pypi.python.org/pypi/Flask-HTTPAuth/;
2016-02-15;mdvis - сервер для просмотра markdown файлов в браузере;http://pypi.python.org/pypi/mdvis/;Написан на flask
2016-02-11;flask-multistatic - flask-plugin для переопределения static файлов;http://pypi.python.org/pypi/flask-multistatic/;
2016-02-04;Пишем простые проекты. Проект #1. Часть #2;http://pynsk.ru/blog/2016/01/29/write-project-1-part-2/;"Продолжаем писать проект ""Страница со статистикой отжимания"" с помощью flask + google chart's.В этой части дополним шаблон javascript'ом, продумаем и реализуем сохранение/загрузки истории.Ранее создан базовый проект flask и html файл с текстом Hiiii."
2016-01-28;Flaskr: Введение в Flask, Test Driven Development (TDD), и jQuery;http://github.com/mjhea0/flaskr-tdd;
2016-01-23;graphql-flask - поддержка GraphQL для Flask;http://pypi.python.org/pypi/graphql-flask/;
2016-01-18;Пишем простые проекты. Проект #1. Часть #1;http://pynsk.ru/posts/2016/Jan/19/pishem-prostye-proekty-proekt-1-chast-1/;Замечено, что новичкам трудно перейти от теории к практике - заставить себя писать, а не только читать. Чтобы помочь мы постоянно публикуем различный материал и указываем как применить эти знания на практике.В этот раз решили написать 2 небольших проекта:
2016-01-14;Проектирование сложных приложений в Flask;http://habrahabr.ru/post/275099/;Данная статья, размещенная в репозитории Flask на GitHub, является плодом коллективного творчества небезразличных программистов, а изначальный её автор — Brice Leroy. Она представляет собой достаточно полезный для начинающих материал по Flask. Лично для меня он стал ответом на многие простые вопросы, основным из которых был «как структурировать проект».Для хоть сколько-то опытных программистов она вряд ли будет полезна, многие могут вовсе не согласиться с описанными принципами, однако для находящихся на ранней стадии обучения она может стать толчком к развитию, как стала для меня. Именно поэтому я сделал перевод на русский язык — у этой статьи очень низкий порог вхождения и стоит сделать его еще ниже.Описанный пример протестирован на Python 3.5, Flask 0.10, Flask-SQLAlchemy 2.1, Flask-WTF 0.9.
2016-01-15;Connexion - обертка над Flask, позволяет создать REST сервис на основе swagger 2.0 конфига;https://github.com/zalando/connexion;
2015-12-31;Flask-Neo4j - биндинг Neo4j для Flask;http://pypi.python.org/pypi/Flask-Neo4j/;Neo4j - графовая база данных
2015-12-30;Flask-Scaffold - шаблон flask проекта - БД + админка + REST;http://github.com/Leo-G/Flask-Scaffold;
2015-12-02;Microservices – демо-проект с микросервисами на Flask;https://github.com/umermansoor/microservices;
2015-11-29;Flask-RESTy - REST API для Flask;http://pypi.python.org/pypi/Flask-RESTy/;
2015-11-27;BDD тестирование REST приложения;https://semaphoreci.com/community/tutorials/bdd-testing-a-restful-web-application-in-python;Это статья-введение в behaviour-driven development (BDD) на примере REST Python-Flask приложения
2015-11-25;Flask-Blogging - CMS markdown блога на Flask;http://github.com/gouthambs/Flask-Blogging;
2015-11-13;flask-apispec - создаем REST API на Flask;https://github.com/jmcarp/flask-apispec;
2015-11-13;Настраиваем Flask Response Class;http://blog.miguelgrinberg.com/post/customizing-the-flask-response-class;Знали что класс Response в Flask можно переоределить? А что эта операция вполне стандартна? И можно все преобразования ответа не дубликовать от функции к функции, а записать все в одном классе? Тогда эта статья будет интересна
2015-11-09;pipdeptree - рисуем дерево зависимостей для всех модулей;http://github.com/naiquevin/pipdeptree;Модуль позволяет преобразовать вывод pip freeze в виде дерева зависимостей: 
2015-10-26;flask-profiler - профайлер для Flask;http://github.com/muatik/flask-profiler;
2015-10-02;flask-scaffolding - шаблон проекта на Flask с Python 3.4, SQLALCHEMY, BackboneJS, RequireJS;http://github.com/lassecph/flask-scaffolding;"Репозиторий представляет шаблон проекта со всем фаршем для запуска Flask + Python 3.4, ""алхимия"" и несколько JS библиотек."
2015-09-27;Basic Auth в Django и Flask;http://www.idiotinside.com/2015/09/21/basic-auth-in-django-flask/;Статья-пример использования Basic Authentication на Flask и Django
2015-09-27;potion - REST для Flask;http://github.com/biosustain/potion;potion упрощает создание REST для Flask приложения. Модуль добавляет синтаксический конструкции для ускореного создания REST API
2015-09-19;JSON web token авторизация на Flask и Angularjs;http://techarena51.com/index.php/json-web-token-authentication-with-flask-and-angularjs/;
2015-09-17;Разворачиваем Flask-приложение на Nginx, используя Gunicorn;http://habrahabr.ru/post/267097/;Предположим, у вас есть Ubuntu, в котором нужно развернуть Nginx с Flask-приложением. Вам необходимо использовать WSGI сервер, например, Gunicorn. Gunicorn (Green Unicorn) — WSGI HTTP сервер на Python для UNIX систем. Представляю вольный перевод статьи Onur Güzel «How to Run Flask Applications with Nginx Using Gunicorn», где шаг за шагом показано процесс развертывания.
2015-09-11;Реализуем горячие звонки с помощью Python, Flask и Twilio Voice;https://www.twilio.com/blog/2015/09/warm-phone-call-transfers-with-python-flask-and-twilio-voice.html;"Сейчас очень популярно встравивать в свой сервис возможность ""Оставьте номер, мы вам перезвоним через N секунду"". Эта статья покажет, как можно реализовать подобный функционал на  Python, Flask и Twilio Voice  "
2015-09-08;Добавляем Google Oauth2 вход в свое flask web приложение;http://bitwiser.in/2015/09/09/add-google-login-in-flask.html;По ссылке вы найдете готовый код для подключения Oath2 от Google в ваше Flask приложение.
2015-09-07;Создаем красивый REST API на Flask;http://pycoder.net/bospy/presentation.html;Это длинная презентация в которой вы найдете очень подробное описание как сделать REST API на Flask. Рассмотрены самые различные аспекты этого процесса.
2015-08-25;Что нового в Flask-Admin 1.3.0?;http://imgur.com/a/7ui6P;Вышел релиз flask-админки
2015-08-17;Flask-CeleryExt - Celery для Flask;http://pypi.python.org/pypi/Flask-CeleryExt/;Это еще сырая библиотека, которая упрощает использование Celery в Flask
2015-08-08;flask-pusher - поддержка сервиса Pusher в Flask;http://pypi.python.org/pypi/FlaskPusher/;
2015-08-07;Flask-Hashing - расширение для Flask упрощающее хеширование;https://github.com/ThaWeatherman/flask-hashing;
2015-08-02;flask-apps - инструмент управления flask-приложениями;https://github.com/jstacoder/flask-apps;Flask - это такой конструктор, который можно собрать как угодно. Flask-apps упрощает подключение различных приложений. Подключение приложений выглядит почти как в django
2015-07-31;Flask-Cloudy - CRUDL для файлов в облаках (S3, Google Storage и другие);https://github.com/mardix/flask-cloudy;Flask-cloudy позволяет создавать, удалять, загружать, сохранять файлы на удаленных хранилищах, таких как AWS S3, Google Storage, Microsoft Azure, Rackspace Cloudfiles и даже локальное хранилище
2015-07-29;Flasgger - swagger для Flask;https://github.com/rochacbruno/flasgger;Swagger - это инструмент для генерации документации (API)
2015-07-27;flask-mwoauth - Flask-плагин для MediaWiki OAuth;http://pypi.python.org/pypi/flask-mwoauth/;Данная плагин позволяет организовать взаимодействие с wiki движком MediaWiki из Flask
2015-07-27;Видео уроки: Исследуя Flask;https://www.youtube.com/playlist?list=PLLjmbh6XPGK4ISY747FUHXEl9lBxre4mM;Flask - это фреймворк для web разработки. Отличительной чертой этого фреймворка является - модульность. Из различных кирпичиков вы создаете свой проект. Чтобы научиться это делать хорошо - изучите этот набор видео.
2015-07-23;Использование Chart.js для отрисовки графиков на Flask;https://pythonspot.com/flask-and-great-looking-charts-using-chart-js/;Этот материал по шагам покажет, как начать строить графики во Flask.
2015-06-15;Очередное сравнение производительности web-фреймворков;http://klen.github.io/py-frameworks-bench/;Тестируются Aiohttp, Bottle, Django, Falcon, Flask, Muffin, Pyramid и Tornado
2015-06-11;Создаем хакерские панели управления с помощью Pygal;http://impythonist.in/create-hacker-dashboards-with-python-and-pygal-with-lesser-effort/;На самом деле, статья о том как на страницы Flask-приложений добавить диаграмы и графики
2015-06-08;Минимально необходимый набор тестов;https://realpython.com/blog/python/the-minimum-viable-test-suite#.VXWrGs9XwgQ.reddit;Серия материалов по разработке web-приложения на Flask продолжается рассказом о подготовке пакета тестов для этого приложения
2015-06-05;Python Meetup 24.04.15: Python-тесты, Rest сервисы на Flask и GUI приложение за 5 минут;http://habrahabr.ru/post/259619/;Последняя пятница апреля не стала исключением для встречи сообщества любителей языка Python. В этот раз спикеры на Python Meetup поделились следующими темами: - Grail: шаги для ваших Python-тестов - Rest сервисы на Flask - GUI приложение за пять минут
2015-05-31;Введение в разработку веб-приложений на Flask;http://www.vertabelo.com/blog/technical-articles/web-app-development-with-flask-sqlalchemy-bootstrap-introduction;"Большое руководство от А до Я по созданию приложения ""TODO"""
2015-05-05;Тест на отдачу JSON Flask против Django;http://kracekumar.com/post/117948332935/simple-json-response-basic-test-between-flask-and;Забавно, что django без middleware побеждает
2015-04-27;Пишем генератор кода для Flask-проектов;https://realpython.com/blog/python/scaffold-a-flask-project#.VT46rQEK5Tw.reddit;Описана и показана реализация скрипта, предназначенного для генерации boilerplate (повторяющегося/рутинного) кода при создании нового проекта на web-фреймворке Flask
2015-04-24;Видео конференции Dnepr Py #4;http://dneprpy.org.ua/blog/dneprpy4;"Запись велась с экрана ноутбука и докладчику давался микрофон. Звук может быть иногда странный, но вроде бы те части которые послушал вполне слышимы.  Видео в порядке выступления: - Дмитрий Николаев, ""Опыт работы с большими объемами данных на примере компании HealthJoy"" http://youtu.be/9LYS0DvLGsI - Михаил Кашкин, ""Flask API backend"" http://youtu.be/3Iw73IF_6OU - Алексей Москаленко, ""Does Python Need Type Checking"" http://youtu.be/Q2VzHH61C5k"
2015-04-17;Докеризация Flask или путь с локалхоста в облако;https://realpython.com/blog/python/dockerizing-flask-with-compose-and-machine-from-localhost-to-the-cloud#.VTEVOg_Kss0.reddit;Для этой интересной задачи предлагается применять Docker Compose и Docker Machine
2015-04-17;Применение pyGal во Flask;http://www.blog.pythonlibrary.org/2015/04/16/using-pygal-graphs-in-flask/;Статья о построении графиков для веб-приложений с применением популярного модуля pygal
2015-04-15;Отношение One to Many для Flask-SQLAlchemy;http://techarena51.com/index.php/one-to-many-relationships-with-flask-sqlalchemy/;Кому-то статья может показаться верхом очевидности и цитирования документации, а кому-то спасет много времени. Надеюсь это второй отзовется в комментариях.
2015-04-13;SSO на FreeIPA+Apache+Flask-Login+JWT;http://habrahabr.ru/post/255569/;В статье описывается разработка и развёртывание системы SSO-аутентификации, использующей Kerberos и JWT. Модуль аутентификации разработан с применением Flask, Flask-Login и PyJWT. Развёртывание выполнено с использованием веб-сервера Apache, сервера идентификации FreeIPA и модуля mod_lookup_identity на CentOS 6/7
2015-03-29;Авторизация во Flask-приложении;http://python.talkera.org/login-authentication-with-flask/;Руководство для начинающих как сделать авторизацию практически с нуля без использования Flask-WTF и Flask-Login
2015-03-26;Создаем web-приложение на основе Python и Flask;http://python.talkera.org/create-an-epic-web-app-with-python-and-flask-beginners-tutorial/;Руководство для совсем-совсем новичков
2015-03-23;aiohttp-wsgi - выполняем WSGI приложения на asyncio;https://github.com/etianen/aiohttp-wsgi;WSGI адаптер для aiohttp. Может выполнять с помощью asyncio приложения на традиционных фреймворках (Flask, Django) и добавить в них поддержку, например, websockets
2015-03-08;Пишем блог на flask и angularjs;http://tutsbucket.com/tutorials/building-a-blog-using-flask-and-angularjs-part-1/;Трехсерийное руководство, которое можно воспринимать как пример разработки вебприложения на популярном стеке технологий. Уже доступны вторая и третья части
2015-03-07;Деплой Flask-приложений с помощью Gunicorn и Nginx на Linux;http://techarena51.com/index.php/deploy-flask-on-ubuntu/;Подробное руководство с кусками кода и конфигов о развертывании приложений на Ubuntu с поддержкой Supervisor и virtualenv
2015-03-01;Docker в действии;https://realpython.com/blog/python/docker-in-action-fitter-happier-more-productive#.VPHTMERQN2c.reddit;Хороший, мотивирующий рассказ о Docker и развертывании на нем Flask-приложения
2015-02-25;Flask. Наполняем «флягу» функциональностью;http://habrahabr.ru/post/251415/;Обзор полезных расширений для Flask, которые, по мнению автора, должны улучшить работу над проектами в сравнении с Django
2015-02-25;Сравнение производительности Django, Flask и AsyncIO (aiohttp.web+API-Hour);http://blog.gmludo.eu/2015/02/macro-benchmark-with-django-flask-and-asyncio.html;В предыдущей статье этот же автор говорил, что не стоит в качестве мерила aio* воспринимать именно производительность, ценен сам подход. Но тут же приводит и бенчмарки, на всякий случай. Здесь aio* выигрывает, но есть ли там достаточно инструментов для комфортной разработки прямо сейчас?
2015-02-23;Двухфакторная авторизация на Flask;http://blog.miguelgrinberg.com/post/two-factor-authentication-with-flask;Проблема безопасности персональных данных последнее время поднимается все чаще и чаще. Автор статьи попытался рассказать что такое двухфакторная авторизация и как ее реализовать на практике в web-приложении
2015-02-17;Система для голосований с помощью Flask;http://code-maven.com/a-polling-station-with-flask;Планируется серия статей о том как реализовать на Flask систему проведения опросов и, возможно, тестирования знаний.
2015-02-16;Быстрый старт проекта на Flask;https://github.com/Parkayun/flask-init;Разве что ленивый не опубликовал еще свой шаблон создания нового проекта на Flask. Вот еще один пример.
2015-02-09;Flask-FlatPages;http://flask-flatpages.readthedocs.org/en/v0.6/#version-0-6;Система построения сайта без базы данных на основе файлов объявила о поддержке python 3
2015-02-03;Погружение в более сложные принципы Flask;http://www.syncano.com/advanced-concepts-flask/;Рассказ о масштабировании приложений, blueprints и некоторых других продвинутых принципов микрофреймворка Flask
2015-01-24;Создание CRUD приложения на стеке Flask, SQLAlchemy и MariaDB;http://techarena51.com/index.php/flask-sqlalchemy-tutorial/;Руководство с самого нуля, начиная с установки нужных версий софта до написания кода, но без погружения в важные детали
2015-01-14;Установка и настройка простого OCR сервера;https://realpython.com/blog/python/setting-up-a-simple-ocr-server#.VLaZVWAhpsx.reddit;Подробные инструкции по созданию сервиса распознавания текста с изображений на основе Flask, Tesseract и Leptonica
2014-12-27;Flask на конкретных примерах. Часть 6;https://realpython.com/blog/python/updating-the-staging-environment/;Серия статей о жизненном цикле современного web-приложения включая установку окружения для разработки, развертывание модулей, деплой, тестирование, применение смежных технологий
2014-12-26;Реализация подтверждения e-mail при регистрации во Flask;https://realpython.com/blog/python/handling-email-confirmation-in-flask#.VJ150UVPkc0.reddit;Подробно и в деталях описана часто применяемая функция в процедуре регистрации пользователей для web-приложений
2014-12-25;Проектирование RESTful API с помощью Python и Flask;http://habrahabr.ru/post/246699/;В последние годы REST (REpresentational State Transfer) стала стандартной архитектурой при дизайне веб-сервисов и веб-API. В этой статье автор показывает как просто создавать RESTful веб-сервисы используя Python и микрофреймворк Flask.
2014-12-24;webargs - разбираем параметры пользовательских HTTP-запросов;https://github.com/sloria/webargs;С поддержкой встраивания в популярные web-фреймфорки Flask, Django, Bottle, Tornado и Pyramid
2014-12-09;Flask-Admin 1.0.9;https://pypi.python.org/pypi/Flask-Admin;Вышла новая версия автоадминки для Flask - теперь с поддержкой Bootstrap 3 и WTForms 2.x, а также большим количеством багфиксов
2014-11-18;OAuth авторизация для Flask;http://blog.miguelgrinberg.com/post/oauth-authentication-with-flask;Рассказ от Мигеля Гриндберга (автора Flask Megaturtorial) об OAuth и реализации авторизации для него для популярного микрофреймворка Flask
2014-11-17;Шаблонизатор Jinja2 в примерах;https://realpython.com/blog/python/primer-on-jinja-templating/;Примеры того как начать работать с этим шаблонизатором во Flask, а также о наследовании, макросах и пользовательских фильтрах
2014-11-12;Flask Google Maps;http://brunorocha.org/python/flask/flask-google-maps-plus-how-to-write-a-flask-extension.html;Как написать расширение для набирающего популярность микрофреймворка Flask для интеграции его с Google Maps
2014-10-26;Запуск Flask на Ubuntu;https://realpython.com/blog/python/kickstarting-flask-on-ubuntu-setup-and-deployment/;Огромная, с картинками, примерами кода и даже видеороликом статья о том как задеплоить Flask-приложение на Ubuntu, используя nginx, gunicorn, supervisor и virtualenv. В этот раз уж точно получится!
2014-10-24;FlaskBB - легковесный форум на основе Flask;http://flaskbb.org/;
2014-10-23;Отдача потокового видео через Flask;http://blog.miguelgrinberg.com/post/video-streaming-with-flask;Базовые принципы - без обхода часто возникающих проблем
2014-10-20;Почему я не люблю Flask;http://asvetlov.blogspot.com/2014/10/flask_20.html;Есть такой популярный microframework: Flask. Многим нравится: легкий и простой для изучения, то да сё. А мне - категорически нет.
2014-10-20;Создание крупных приложений Flask в реальных условиях;http://etscrivner.github.io/posts/2014/10/building-large-flask-apps-in-the-real-world/;Рекомендации и базовые принципы создания хорошо поддерживаемых, масштабируемых и расширяемых проектов
2014-10-19;Веб-приложение — ну почти без бек-энда: Flask, Redis, API через JSONP, JSFiddle.net;http://habrahabr.ru/post/240787/;Данная статья — так называемый «proof-of-concept» создания фронт-енд приложения, работающего с API посредством JSONP, то есть, как говорят, «cross-origin». Также описана организация данных в Redis.
2014-10-10;Django vs Flask vs Pyramid - выбираем web-фреймворк;https://www.airpair.com/python/posts/django-flask-pyramid;
2014-10-05;Authomatic: python библиотека для аутентификации и авторизации;http://habrahabr.ru/company/theonlypage/blog/239189/;python библиотека для аутентификации и авторизации с поддержкой протоколов OAuth 1.0а и OAuth 2.0. Согласно документации Authomatic обладает следующими замечательными особенностями:
2014-10-03;Обновление мегауроков по Flask Мигеля Гриндберга до python3;http://blog.miguelgrinberg.com/post/the-flask-mega-tutorial-now-with-python-3-support;Автор нашел время для обновления серии статей таким образом, чтобы она подходила и пользователям python 3.x
2014-10-01;Пишем сервис анализа пользовательской активности на Flask;http://charlesleifer.com/blog/saturday-morning-hacks-building-an-analytics-app-with-flask/;Мучают лавры Google Analytics? Тогда эта статья для вас.
2014-09-28;flask-xxl - набор полезностей для разработки сложных проектов на Flask;https://github.com/jstacoder/flask-xxl;
2014-09-17;Flask проекты в docker;http://www.slideee.com/slide/shipping-python-project-by-docker;Слайды и расшифровка презентации
2014-09-15;Мега-Учебник Flask, Часть 18: Развертывание на Heroku Cloud;http://habrahabr.ru/post/237517/;Завершен замечательный цикл статей, где автор описывает свой опыт написания веб-приложения на Python с использованием микрофреймворка Flask. Оглавление: Часть 1: Привет, Мир! Часть 2: Шаблоны Часть 3: Формы Часть 4: База данных Часть 5: Вход пользователей Часть 6: Страница профиля и аватары Часть 7: Unit-тестирование Часть 8: Подписчики, контакты и друзья Часть 9: Пагинация Часть 10: Полнотекстовый поиск Часть 11: Поддержка e-mail Часть 12: Реконструкция Часть 13: Дата и время Часть 14: I18n и L10n Часть 15: Ajax Часть 16: Отладка, тестирование и профилирование Часть 17: Развертывание на Linux (и даже на Raspberry Pi!) Мега-Учебник Flask, Часть 18: Развертывание на Heroku Cloud (данная статья)
2014-09-14;Мега-Учебник Flask, Часть 13: Дата и время;http://habrahabr.ru/post/236753/;Это тринадцатая статья в серии, где автор описывает свой опыт написания веб-приложения на Python с использованием микрофреймворка Flask. Оглавление: Часть 1: Привет, Мир! Часть 2: Шаблоны Часть 3: Формы Часть 4: База данных Часть 5: Вход пользователей Часть 6: Страница профиля и аватары Часть 7: Unit-тестирование Часть 8: Подписчики, контакты и друзья Часть 9: Пагинация Часть 10: Полнотекстовый поиск Часть 11: Поддержка e-mail Часть 12: Реконструкция Часть 13: Дата и время(данная статья)
2014-09-06;Пишем блог с использованием Flask и AngularJS. Часть 2;http://blog.john.mayonvolcanosoftware.com/building-a-blog-using-flask-and-angularjs-part-2/;Автор обещает серию статей о создании движка для блога с поддержкой регистрации, авторизации и, разумеется, написания постов. Оглавление: Первая часть
2014-09-04;Вместе веселей: python + flask + google app engine;http://habrahabr.ru/post/235511/;Описан процесс создания, настройки и деплоя приложения на платформе Google App Engine с использованием python и flask
2014-08-28;Повышаем производительность Flask-приложения на 60% всего одной строкой кода;https://medium.com/5hreyans/the-one-weird-trick-that-cut-our-flask-page-load-time-by-70-87145335f679;Автор делится опытом существенной оптимизации отзывчивости web-приложения с помощью включения функции кеширования шаблонов
2014-08-26;snakefood - утилита для построения графа зависимостей внутри проекта;http://grokcode.com/864/snakefooding-python-code-for-complexity-visualization/;Статья содержит довольно забавные и заставляющие задуматься иллюстрации-результаты работы утилиты. Там и Bottle и Django и Flask и Pyramid и Requests и Celery
2014-08-27;Мега-Учебник Flask, Часть 12: Реконструкция;http://habrahabr.ru/post/234785/;Это двенадцатая статья в серии, где автор описывает свой опыт написания веб-приложения на Python с использованием микрофреймворка Flask. Цель данного руководства — разработать довольно функциональное приложение-микроблог, которое автор за полным отсутствием оригинальности решил назвать microblog. Оглавление: Часть 1: Привет, Мир! Часть 2: Шаблоны Часть 3: Формы Часть 4: База данных Часть 5: Вход пользователей Часть 6: Страница профиля и аватары Часть 7: Unit-тестирование Часть 8: Подписчики, контакты и друзья Часть 9: Пагинация Часть 10: Полнотекстовый поиск Часть 11: Поддержка e-mail Часть 12: Реконструкция(данная статья)
2014-08-26;Пишем блог с использованием Flask и AngularJS. Часть 1;http://blog.john.mayonvolcanosoftware.com/building-a-blog-using-flask-and-angularjs-part-1/;Автор обещает серию статей о создании движка для блога с поддержкой регистрации, авторизации и, разумеется, написания постов.
2014-08-20;wdb - полнофункциональный отладчик с web-интерфейсом.;https://github.com/Kozea/wdb;Грубо говоря, оболочка вокруг pdb, которая берет на себя трансляцию команд с клиента на сервер и предоставляет графический пользовательский интерфейс прямо в браузере. Из коробки поддержка Django, Flask, Tornado, CherryPy
2014-08-17;Python, каким его хотел бы видеть Армин Ронахер;http://lucumr.pocoo.org/2014/8/16/the-python-i-would-like-to-see/;Автор flask, jinja2, click делится своим мнением о проблемах в python и том в какую сторону ему стоило бы развиваться.
2014-08-14;Пишем онлайн-магазин на Flask;http://iokasimov.github.io/flaskonlineshop.html;Микрофреймворки для микропроектов? Как бы не так! На этот раз мы напишем свой. Продолжаем применять Flask для разного типа задач.
2014-08-14;Вставляем карты Google во Flask;http://iokasimov.github.io/googlemapsinflask.html;Пишешь геолокационный сервис? Рассмотрим, как использовать API карт гиганта Google.
2014-08-09;Пишем свою социальную сеть на Flask и Neo4j;https://iokasimov.github.io/socialnetworkflask.html;Эксперимент, который доказывает, как удобно описывать связи с помощью привычной нам теории графов на примере взаимоотношений между людьми!
2014-08-09;Изучаем Flask, Часть 14 - Локальные настройки PostgreSQL;http://www.youtube.com/watch?v=Up3p20rgWCw&feature=share;Продолжение серии видео уроков о Flask. На этот раз речь идет о локальной настройке PostreSQL для работы с Flask
2014-08-04;Notejam;https://github.com/komarserjio/notejam/;Проект позволяет изучить популярные веб-фреймворки: Django, Flask, Pyramid и другие.
2014-08-03;Простой CRUD в админ интерфейсе Flask и WTForm;http://jibreel.me/blog/1/;Статья о реализации CRUD на примере приложения блог
2014-07-23;Пишем простой чат на Flask;http://iokasimov.tumblr.com/post/92622491659/simple-chat-on-flask;Что обычно советуют, чтобы изучить какой-либо фреймворк? Правильно, написать свой маленький простой чат. А мы сделаем это на Flask. Получилось всего 43 строчки!
2014-07-18;Flask-AppBuilder 0.10.0;https://pypi.python.org/pypi/Flask-AppBuilder/0.10.0;Платформа простой и быстрой разработки приложений, созданная для Flask. Включает автоматическую генерацию CRUD для ваших моделей, диаграмм Google и многое другое.
2014-07-18;Omega: новый Web Framework Python;http://www.jeffknupp.com/blog/2014/07/17/omega-the-last-python-web-framework/;Новый Python Web Framework, учитывающий многие ошибки реализации в Django и Flask
2014-07-07;flask-simple 0.0.1;https://pypi.python.org/pypi/flask-simple/0.0.1;Интеграция SimpleDB с Flask.
2014-07-07;Flask-JIRA-Helper 0.1.2;https://pypi.python.org/pypi/Flask-JIRA-Helper/0.1.2;Простое расширение JIRA для Flask. Поддерживает базовую аутентификацию и OAuth, и не нарушает базовых проверок PyCharm.
2014-07-11;Кеширование во Flask-SQLAlchemy;http://www.debrice.com/flask-sqlalchemy-caching/;Как известно, в программировании всего три проблемы: инвалидация кеша, именование и ошибка в подсчетах на единицу. В статье описываются подходы и методы решения первой из проблем. Если в реализации не допустить появления второй и третьей, то это может даже работать.
2014-06-15;Введение в Flask;http://www.realpython.com/blog/python/introduction-to-flask-part-1-setting-up-a-static-site/;Первое из 10 доступных видео о Flask
2014-06-09;Книга Explore Flask перешла в общественное достояние;http://exploreflask.com/;С сегодняшнего дня книга Explore Flask является общественным достоянием. Проект развивается на github.
2014-06-06;Авторизация во Flask одной строкой;https://stormpath.com/blog/flask-auth-in-one-loc/;Ну на самом деле еще несколько строк импортов и конфигурации, но все равно хорошо. Речь о расширении stormpath
2014-05-25;Микроблог на микрофреймворке;http://iokasimov.tumblr.com/post/86672200209/microblog-in-microframework;Убийца твиттера на Flask и Jinja. Ну почти.
2014-05-23;Мега-Учебник Flask, Часть 6: Страница профиля и аватарка;http://habrahabr.ru/post/223375/;Также доступна седьмая чаcть: Мега-Учебник Flask, Часть 7: Unit-тестирование
2014-05-16;Мега-Учебник Flask, Часть 5: Вход пользователей;http://habrahabr.ru/post/222983/;
2014-05-18;Изучаем ТДД на Flask. Часть вторая;http://waynesimmerson.ca/Article/learn-test-driven-development-flask-part-2;Первая часть также доступна на сайте автора
2014-05-11;Flask-фронтенд и расширение для Chrome для YouTube-DL;http://charlesleifer.com/blog/a-flask-front-end-and-chrome-extension-for-youtube-dl;YouTube-DL - это консольная утилита на python для скачивания видео
2014-05-11;Делаем собственный новостной дайджест с помощью flask и peewee;http://charlesleifer.com/blog/saturday-morning-hack-personalized-news-digest-with-boolean-query-parser/;
2014-05-04;Разработка на Flask - Часть 2;http://www.realpython.com/blog/flask-by-example-part-2-postgres-sqlalchemy-and-alembic;На этот раз о Postgres, SQLAlchemy и Alembic
2014-04-27;click - декларативное построение CLI интерфейсов;http://click.pocoo.org/;Альтернатива argparse, docopt и т. п. от Армина Ронахера (Flask, Jinja)
2014-04-26;Разработка на Flask - Часть 1;http://www.realpython.com/blog/python/flask-by-example-part-1-project-setup/;Создание простого Flask проекта
2014-04-20;flask-bouncer - декларативное описание прав доступа для Flask авторизации;https://github.com/jtushman/flask-bouncer;
2014-04-26;Используем Fask cache;http://brunorocha.org/python/flask/using-flask-cache.html;Статья о том как можно пользоваться кешем из Flask
2014-04-11;Применение раширения Flask-Login для управления пользователями;http://www.realpython.com/blog/using-flask-login-for-user-management-with-flask;
2014-04-04;Облачные вычисления - практическое применение Heroku. Часть 1;http://pythonthusiast.pythonblogs.com/230_pythonthusiast/archive/1372_python_cloud_computing_2_practical_hands-on_using_heroku-part_1_of_2.html;Очередная статья о том как задеплоить HelloWorld на Flask в Heroku. Вторая часть обещает быть интереснее.
2014-04-20;Применение Flask Cache;http://brunorocha.org/python/flask/using-flask-cache.html;Хорошая, подробная статья об организации кеширования в веб приложении с помощью Flask-Cache
2014-03-28;Django, Flask и Redis - организуем общие пользовательские сессии для фреймворков;http://www.toptal.com/django/django-flask-and-redis-sharing-user-sessions-between-frameworks;Подробная статья с описание механизмов хранения сессий в том и другом фреймворки и решение по обмену данными между ними
2014-03-07;chatapp - делаем современный чат;https://github.com/vinceprignano/chatapp;Чат с использованием socket.io на стеке Flask и Angular.js
2014-03-09;Flask GeoIP;http://jakeaustwick.me/flask-geoip-api-in-python/;Кратенько о применении модуля pygeoip совместно с flask для создания сервиса извлекающего из IP-адреса географическую информацию (континент, страна, город, временная зона и т. д.)
2014-03-05;Потоковый вывод результатов выполнения программ;http://mortoray.com/2014/03/04/http-streaming-of-command-output-in-python-flask/;Автор ищет оптимальное решение для удаленного выполнения команд на сервере через вебинтерфейс реализованный на Flask и указывает на некоторые подводные камни, которые могут возникнуть на пути решающих похожие задачи
2014-02-28;RESTful вебсервисы - примеры на Django и Flask;http://solution4future.com/blog/python-restful-webservices-with-python-flask-django-solutions/;Автор сравнивает преимущества и недостатки двух фреймворков
2014-02-27;Проблемы авторизации во Flask;https://stormpath.com/blog/part-one-flask-authentication-problem;Автор аргументированно жалуется на недостаток во Flask удобной и популярной системы авторизации
2014-02-13;Простая работа с WebSockets на Flask и Gevent;http://blog.miguelgrinberg.com/post/easy-websockets-with-flask-and-gevent;
2014-02-05;Веб-приложения на Flask - часть третья;http://www.realpython.com/blog/python/python-web-applications-with-flask-part-iii/#.UvGw6vj9phG;На этот раз - о тестировании, отладке и обработке ошибок Часть II - Настройка пользовательских аккаунтов, шаблоны, статические файлы Часть I - Начальное развертывание приложения
2014-01-27;Питон на колесах;http://habrahabr.ru/post/210450/;Статья Армина Ронахера (автора Flask, requests etc) о формате пакетов wheels и о том как с ним работать
2014-01-19;NodeCTRL;http://sets88.com/blog/2013/nodectrl/;В вашей сети куча сетевого оборудования, поставив последний свич вы забыли где стоит первый, тогда мы идем к вам! Приложение основанное на Flask + SQLAlchemy написано специально для того чтобы каталогизировать имеющееся в сети сетевое оборудование.
2014-01-21;Python и Flask мощны до смешного;http://jeffknupp.com/blog/2014/01/18/python-and-flask-are-ridiculously-powerful/;Восторженный пост о тот как автору удалось за 100 строк кода реализовать сервис по платному скачиванию книг
2014-01-17;Организуем мини ТВ станцию с помощью VLC и Flask;http://sets88.com/blog/2013/vlctvstation/;
2013-12-06;RESTful аторизация на Flask;http://blog.miguelgrinberg.com/post/restful-authentication-with-flask;Продолжение серии статей автора о REST и не только в Python
2013-12-16;Rethink Flask - простой список задач на Flask и RethinkDB;http://www.realpython.com/blog/python/rethink-flask-a-simple-todo-list-powered-by-flask-and-rethinkdb/;
2013-12-27;Кто я? Игра для facebook на flask;http://onemorelineofcode.wordpress.com/2013/12/10/who-am-i-a-facebook-game-part-1/;Планирется серия статей с пошаговым руководством о том как создать простую социальную игру
2013-12-06;Flask-WebTest;https://github.com/aromanovich/flask-webtest;Набот утилит упрощающих тестирование Flask приложений с помощью WebTest
2013-12-13;Тестирование Flask приложений при помощи Mock и Nose;http://blog.safaribooksonline.com/2013/12/05/flask-with-mock-and-nose;
2013-12-02;Пишем блог на Flask Часть 3;http://pypix.com/python/building-flask-blog-part3/;Финальная статья из серии о том как сделать движок для блога на стеке технологий Flask-SQLAlchemy, WTForms, Flask-WTF, Flask-Migrate, WebHelpers, PostgreSQL. первая часть, вторая часть
2013-12-02;Применение Alembic для изменения структуры базы данных во Flask;http://pythonthusiast.pythonblogs.com/230_pythonthusiast/archive/1324_flask_biography_tutorial_part_xi__managing_database_migration_in_production_environment_using_alembic.html;
2013-11-28;Как закрыть REST API различными методами авторизации во Flask;http://blog.miguelgrinberg.com/post/restful-authentication-with-flask;
2013-11-28;importd - micro Django;https://github.com/amitu/importd;Что-то вроде синтаксического сахара, сокращающего количество манипуляций нужных для создания страниц на Django и писать приложения в стиле Flask при этом сохраняя обратную совместимость.
2013-12-20;Интернационализация и локализация flask-приложений;http://blog.safaribooksonline.com/2013/11/27/flask-internationalization-and-localization/;Пример использования Babel и gettext
2013-11-24;Пишем блог на Flask;http://pypix.com/python/building-flask-blog-part-1/;Первая часть из серии статей о том как сделать движок для блога на стеке технологий Flask-SQLAlchemy, WTForms, Flask-WTF, Flask-Migrate, WebHelpers, PostgreSQL. вторая часть
2013-11-23;Создание простого приложения для потокового воспроизведения музыки на Flask;http://pypix.com/python/create-simple-music-streaming-app-flask;
2013-11-23;Flask-GoogleMaps;https://github.com/rochacbruno/Flask-GoogleMaps;Набор вьюшек и шаблонных тегов, облегчающих интеграцию с GoogleMaps
2013-11-29;Создаем сервер OAuth;http://lepture.com/en/2013/create-oauth-server;Создание сервера для кроссдоменной авторизации на основе Flask-OAuthlib
2013-11-18;Quokka - CMS на Flask и MongoDB;http://brunorocha.org/python/flask/quokka-cms-new-features-and-roadmap-to-beta-version.html;Совсем недавно запущенная в разработку CMS c открытым исходным кодом обросла уже солидным набором возможностей. Проект активно двигается вперед и может быть интересен тем, кто желает присоединиться и прокачать опыт работы в открытых проектах.
2013-11-15;Легковесные приложения на стеке Flask, Twitter Bootstrap и Heroku;http://ryaneshea.com/lightweight-python-apps-with-flask-twitter-bootstrap-and-heroku;Как создать HelloWorld во Flask и задеплоить в Heroku
2013-11-15;Интересный проект описывающий TDD на примере разработки Flask-приложения;https://github.com/mjhea0/flaskr-tdd;
2013-11-15;Flask app builder - генерато каркасов приложений на Flask;https://github.com/dpgaspar/flask-appbuilder/;
2013-11-10;Flask-Resize;https://github.com/jmagnusson/Flask-Resize;Основанная на Pillow и pilkit библиотека для получения уменьшеных копий изображений в шаблонах Flask (аналог sorl_thumbnail и easy_thumbnails в django)
2013-11-09;Управляем Raspberry Pi из Flask;http://mattrichardson.com/Raspberry-Pi-Flask/;Достаточно серьезная статья с примерами кода и схемами описывающая процедуру подключения вашего Rasberry Pi девайса к приложению на популярном web-фреймворке Flask. Возможно вы захотите научиться выключать кофемашинку http запросом :-)
